date,kpi_total_index,kpi_energy_index,cpi_yoy,cpi_energy_yoy,wage_index,wage_yoy,infl_exp_households_1y,price_se3,price_se4,elec_price_avg,elec_price_index,elec_price_yoy,price_plans_total,wage_yoy_lag1,elec_price_yoy_lag1,price_plans_total_lag1,cpi_yoy_target_next
1981-01-01,31.92,26.03,12.473572938689228,13.07558644656821,,,,,,,,,,,,,12.91218326969803
1981-02-01,32.53,26.99,12.91218326969803,14.315967810249886,,,,,,,,,,,,,12.948895027624308
1981-03-01,32.71,27.07,12.948895027624308,14.41251056635673,,,,,,,,,,,,,12.86449399656946
1981-04-01,32.9,27.23,12.86449399656946,14.363712725745504,,,,,,,,,,,,,13.16239316239316
1981-05-01,33.1,27.28,13.16239316239316,13.99916422900127,,,,,,,,,,,,,13.301500682128232
1981-06-01,33.22,27.55,13.301500682128232,14.410299003322269,,,,,,,,,,,,,13.391951301995263
1981-07-01,33.53,27.83,13.391951301995263,15.142738932561016,,,,,,,,,,,,,13.584398117014128
1981-08-01,33.78,28.11,13.584398117014128,15.82200247218788,,,,,,,,,,,,,11.249182472204078
1981-09-01,34.02,28.19,11.249182472204078,16.008230452674898,,,,,,,,,,,,,10.412637008381688
1981-10-01,34.25,28.09,10.412637008381688,13.403310456197003,,,,,,,,,,,,,10.157000961230375
1981-11-01,34.38,28.23,10.157000961230375,13.010408326661338,,,,,,,,,,,,,9.12571793235484
1981-12-01,34.2,28.28,9.12571793235484,12.669322709163344,,,,,,,,,,,,,9.492481203007518
1982-01-01,34.95,29.47,9.492481203007518,13.215520553207828,,,,,,,,,,,,,8.976329541961281
1982-02-01,35.45,29.55,8.976329541961281,9.484994442386084,,,,,,,,,,,,,8.651788443900932
1982-03-01,35.54,29.18,8.651788443900932,7.794606575544871,,,,,,,,,,,,,8.723404255319167
1982-04-01,35.77,29.39,8.723404255319167,7.93242746970253,,,,,,,,,,,,,8.549848942598182
1982-05-01,35.93,29.5,8.549848942598182,8.137829912023452,,,,,,,,,,,,,8.518964479229375
1982-06-01,36.05,29.57,8.518964479229375,7.33212341197822,,,,,,,,,,,,,8.261258574410956
1982-07-01,36.3,29.88,8.261258574410956,7.366151634926332,,,,,,,,,,,,,7.7264653641207826
1982-08-01,36.39,29.91,7.7264653641207826,6.403415154749204,,,,,,,,,,,,,7.554379776602005
1982-09-01,36.59,29.93,7.554379776602005,6.17240156083716,,,,,,,,,,,,,8.32116788321169
1982-10-01,37.1,30.45,8.32116788321169,8.401566393734416,,,,,,,,,,,,,8.75509016870273
1982-11-01,37.39,30.61,8.75509016870273,8.430747431810136,,,,,,,,,,,,,9.64912280701753
1982-12-01,37.5,30.63,9.64912280701753,8.309759547383312,,,,,,,,,,,,,9.670958512160222
1983-01-01,38.33,31.45,9.670958512160222,6.718696979979644,,,,,,,,,,,,,8.152327221438638
1983-02-01,38.34,30.9,8.152327221438638,4.5685279187817285,,,,,,,,,,,,,8.272369161508152
1983-03-01,38.48,30.76,8.272369161508152,5.414667580534616,,,,,,,,,,,,,8.442829186469103
1983-04-01,38.79,30.76,8.442829186469103,4.661449472609736,,,,,,,,,,,,,8.627887559142788
1983-05-01,39.03,30.99,8.627887559142788,5.050847457627117,,,,,,,,,,,,,8.848821081830804
1983-06-01,39.24,31.09,8.848821081830804,5.1403449442001925,,,,,,,,,,,,,8.980716253443543
1983-07-01,39.56,31.34,8.980716253443543,4.886211512717531,,,,,,,,,,,,,9.260785930200589
1983-08-01,39.76,31.33,9.260785930200589,4.7475760615178775,,,,,,,,,,,,,9.45613555616287
1983-09-01,40.05,31.5,9.45613555616287,5.245573003675252,,,,,,,,,,,,,8.84097035040432
1983-10-01,40.38,31.69,8.84097035040432,4.072249589490973,,,,,,,,,,,,,8.638673442096811
1983-11-01,40.62,31.92,8.638673442096811,4.2796471741261,,,,,,,,,,,,,9.200000000000008
1983-12-01,40.95,31.88,9.200000000000008,4.08096637283708,,,,,,,,,,,,,8.322462822854181
1984-01-01,41.52,32.66,8.322462822854181,3.8473767885532473,,,,,,,,,,,,,7.850808555033906
1984-02-01,41.35,32.75,7.850808555033906,5.987055016181242,,,,,,,,,,,,,8.991683991683995
1984-03-01,41.94,32.81,8.991683991683995,6.664499349804953,,,,,,,,,,,,,8.81670533642691
1984-04-01,42.21,32.96,8.81670533642691,7.152145643693109,,,,,,,,,,,,,8.916218293620283
1984-05-01,42.51,33.02,8.916218293620283,6.550500161342376,,,,,,,,,,,,,8.078491335372062
1984-06-01,42.41,33.05,8.078491335372062,6.304277902862654,,,,,,,,,,,,,7.482305358948427
1984-07-01,42.52,33.62,7.482305358948427,7.27504786215698,,,,,,,,,,,,,7.746478873239448
1984-08-01,42.84,33.46,7.746478873239448,6.798595595276091,,,,,,,,,,,,,7.665418227215981
1984-09-01,43.12,33.6,7.665418227215981,6.666666666666665,,,,,,,,,,,,,7.280832095096579
1984-10-01,43.32,33.82,7.280832095096579,6.721363206058695,,,,,,,,,,,,,7.311669128508136
1984-11-01,43.59,34.14,7.311669128508136,6.954887218045114,,,,,,,,,,,,,8.156288156288149
1984-12-01,44.29,34.77,8.156288156288149,9.065244667503158,,,,,,,,,,,,,7.297687861271651
1985-01-01,44.55,35.32,7.297687861271651,8.144519289650965,,,,,,,,,,,,,8.706166868198316
1985-02-01,44.95,35.51,8.706166868198316,8.42748091603054,,,,,,,,,,,,,7.987601335240835
1985-03-01,45.29,35.66,7.987601335240835,8.686376104846062,,,,,,,,,,,,,7.723288320303245
1985-04-01,45.47,35.79,7.723288320303245,8.58616504854368,,,,,,,,,,,,,8.186309103740296
1985-05-01,45.99,36.8,8.186309103740296,11.44760751059961,,,,,,,,,,,,,8.087715161518517
1985-06-01,45.84,36.44,8.087715161518517,10.257186081694414,,,,,,,,,,,,,7.714016933207879
1985-07-01,45.8,36.17,7.714016933207879,7.584770969660926,,,,,,,,,,,,,6.886087768440707
1985-08-01,45.79,36.12,6.886087768440707,7.949790794979061,,,,,,,,,,,,,6.6558441558441706
1985-09-01,45.99,36.14,6.6558441558441706,7.559523809523805,,,,,,,,,,,,,6.8328716528162525
1985-10-01,46.28,36.68,6.8328716528162525,8.456534594914245,,,,,,,,,,,,,6.88231245698554
1985-11-01,46.59,36.87,6.88231245698554,7.996485061511405,,,,,,,,,,,,,5.622036577105449
1985-12-01,46.78,36.97,5.622036577105449,6.327293643945908,,,,,,,,,,,,,6.195286195286198
1986-01-01,47.31,37.88,6.195286195286198,7.248018120045296,,,,,,,,,,,,,5.317018909899884
1986-02-01,47.34,37.54,5.317018909899884,5.716699521261615,,,,,,,,,,,,,4.349746080812533
1986-03-01,47.26,37.01,4.349746080812533,3.78575434660684,,,,,,,,,,,,,4.574444688805812
1986-04-01,47.55,37.18,4.574444688805812,3.883766415199785,,,,,,,,,,,,,3.392041748206132
1986-05-01,47.55,36.92,3.392041748206132,0.3260869565217428,,,,,,,,,,,,,3.730366492146575
1986-06-01,47.55,36.77,3.730366492146575,0.905598243688277,,,,,,,,,,,,,4.061135371179048
1986-07-01,47.66,37.12,4.061135371179048,2.626486038153164,,,,,,,,,,,,,3.9528281284123112
1986-08-01,47.6,37.06,3.9528281284123112,2.602436323366564,,,,,,,,,,,,,4.435746901500326
1986-09-01,48.03,37.15,4.435746901500326,2.794687327061429,,,,,,,,,,,,,4.170267934312877
1986-10-01,48.21,36.92,4.170267934312877,0.654307524536546,,,,,,,,,,,,,3.4986048508263368
1986-11-01,48.22,36.91,3.4986048508263368,0.1084892866829445,,,,,,,,,,,,,3.334758443779396
1986-12-01,48.34,37.1,3.334758443779396,0.3516364619962298,,,,,,,,,,,,,3.107165504121756
1987-01-01,48.78,37.82,3.107165504121756,-0.1583949313622046,,,,,,,,,,,,,3.3586818757921355
1987-02-01,48.93,37.92,3.3586818757921355,1.0122535961641033,,,,,,,,,,,,,3.745239102835396
1987-03-01,49.03,37.95,3.745239102835396,2.5398540934882696,,,,,,,,,,,,,3.3859095688748786
1987-04-01,49.16,38.13,3.3859095688748786,2.555137170521804,,,,,,,,,,,,,3.470031545741348
1987-05-01,49.2,38.21,3.470031545741348,3.494041170097506,,,,,,,,,,,,,3.280757097791809
1987-06-01,49.11,38.23,3.280757097791809,3.9706282295349338,,,,,,,,,,,,,4.280318925723892
1987-07-01,49.7,38.5,4.280318925723892,3.717672413793105,,,,,,,,,,,,,4.936974789915971
1987-08-01,49.95,38.64,4.936974789915971,4.26335671883431,,,,,,,,,,,,,4.976056631272119
1987-09-01,50.42,38.74,4.976056631272119,4.2799461641992,,,,,,,,,,,,,5.061190624351797
1987-10-01,50.65,38.91,5.061190624351797,5.390032502708553,,,,,,,,,,,,,5.371215263376206
1987-11-01,50.81,39.13,5.371215263376206,6.01463018152264,,,,,,,,,,,,,5.109640049648312
1987-12-01,50.81,39.11,5.109640049648312,5.417789757412384,,,,,,,,,,,,,4.735547355473568
1988-01-01,51.09,40.09,4.735547355473568,6.002115282919096,,,,,,,,,,,,,5.191089311260977
1988-02-01,51.47,40.24,5.191089311260977,6.118143459915615,,,,,,,,,,,,,5.445645523149101
1988-03-01,51.7,40.27,5.445645523149101,6.113306982872202,,,,,,,,,,,,,6.102522375915376
1988-04-01,52.16,40.56,6.102522375915376,6.372934697088906,,,,,,,,,,,,,6.402439024390239
1988-05-01,52.35,40.93,6.402439024390239,7.118555352002098,,,,,,,,,,,,,6.841783750763586
1988-06-01,52.47,41.08,6.841783750763586,7.454878367774009,,,,,,,,,,,,,6.0965794768611525
1988-07-01,52.73,41.28,6.0965794768611525,7.220779220779216,,,,,,,,,,,,,5.765765765765751
1988-08-01,52.83,41.38,5.765765765765751,7.091097308488625,,,,,,,,,,,,,5.593018643395475
1988-09-01,53.24,41.46,5.593018643395475,7.021166752710384,,,,,,,,,,,,,5.9230009871668265
1988-10-01,53.65,41.77,5.9230009871668265,7.350295553842212,,,,,,,,,,,,,5.766581381617786
1988-11-01,53.74,41.76,5.766581381617786,6.721185790953221,,,,,,,,,,,,,5.983074197992511
1988-12-01,53.85,41.89,5.983074197992511,7.108156481718231,,,,,,,,,,,,,6.635349383440969
1989-01-01,54.48,43.13,6.635349383440969,7.582938388625582,,,,,,,,,,,,,6.4309306392073
1989-02-01,54.78,43.21,6.4309306392073,7.380715705765395,,,,,,,,,,,,,6.402321083172136
1989-03-01,55.01,43.29,6.402321083172136,7.49937919046435,,,,,,,,,,,,,6.422546012269947
1989-04-01,55.51,43.75,6.422546012269947,7.86489151873766,,,,,,,,,,,,,6.494746895893022
1989-05-01,55.75,44.01,6.494746895893022,7.525042755924738,,,,,,,,,,,,,6.613302839717927
1989-06-01,55.94,44.06,6.613302839717927,7.254138266796506,,,,,,,,,,,,,6.125545230419127
1989-07-01,55.96,44.42,6.125545230419127,7.606589147286824,,,,,,,,,,,,,6.341094075335985
1989-08-01,56.18,44.49,6.341094075335985,7.515708071532146,,,,,,,,,,,,,6.367392937640881
1989-09-01,56.63,44.62,6.367392937640881,7.621804148576938,,,,,,,,,,,,,6.467847157502327
1989-10-01,57.12,44.87,6.467847157502327,7.42159444577446,,,,,,,,,,,,,6.457015258652765
1989-11-01,57.21,45.07,6.457015258652765,7.926245210727978,,,,,,,,,,,,,6.629526462395541
1989-12-01,57.42,45.37,6.629526462395541,8.307471950346134,,,,,,,,,,,,,8.388399412628477
1990-01-01,59.05,48.01,8.388399412628477,11.314630187804298,,,,,,,,,,,,,8.159912376779843
1990-02-01,59.25,48.09,8.159912376779843,11.293682018051388,,,,,,,,,,,,,10.6707871296128
1990-03-01,60.88,50.63,10.6707871296128,16.955416955416958,,,,,,,,,,,,,10.070257611241228
1990-04-01,61.1,51.07,10.070257611241228,16.731428571428573,,,,,,,,,,,,,10.22421524663677
1990-05-01,61.45,51.12,10.22421524663677,16.155419222903888,,,,,,,,,,,,,9.77833392920986
1990-06-01,61.41,50.92,9.77833392920986,15.569677712210629,,,,,,,,,,,,,10.77555396711938
1990-07-01,61.99,51.21,10.77555396711938,15.28590724898693,,,,,,,,,,,,,11.107155571377714
1990-08-01,62.42,51.34,11.107155571377714,15.39671836367724,,,,,,,,,,,,,11.478015186297007
1990-09-01,63.13,51.55,11.478015186297007,15.531151949798303,,,,,,,,,,,,,11.239495798319332
1990-10-01,63.54,51.66,11.239495798319332,15.132605304212166,,,,,,,,,,,,,11.431567907708452
1990-11-01,63.75,52.24,11.431567907708452,15.90858664299979,,,,,,,,,,,,,10.884709160571228
1990-12-01,63.67,52.51,10.884709160571228,15.73727132466387,,,,,,,,,,,,,10.397967823878073
1991-01-01,65.19,55.16,10.397967823878073,14.892730681108102,,,,,,,,,,,,,13.080168776371304
1991-02-01,67.0,60.28,13.080168776371304,25.348305260969006,,,,,,,,,,,,,10.446780551905375
1991-03-01,67.24,60.14,10.446780551905375,18.783330041477384,,,,,,,,,,,,,10.654664484451716
1991-04-01,67.61,60.59,10.654664484451716,18.641080869394955,,,,,,,,,,,,,10.13832384052076
1991-05-01,67.68,60.8,10.13832384052076,18.93583724569641,,,,,,,,,,,,,10.063507572056674
1991-06-01,67.59,60.51,10.063507572056674,18.83346425765906,,,,,,,,,,,,,9.049846749475709
1991-07-01,67.6,60.8,9.049846749475709,18.726811169693413,,,,,,,,,,,,,8.154437680230696
1991-08-01,67.51,60.77,8.154437680230696,18.367744448772893,,,,,,,,,,,,,8.094408363693951
1991-09-01,68.24,60.92,8.094408363693951,18.176527643064983,,,,,,,,,,,,,7.806106389675804
1991-10-01,68.5,61.35,7.806106389675804,18.75725900116145,,,,,,,,,,,,,7.937254901960777
1991-11-01,68.81,61.44,7.937254901960777,17.611026033690646,,,,,,,,,,,,,7.93152190984765
1991-12-01,68.72,62.11,7.93152190984765,18.282231955817952,,,,,,,,,,,,,5.230863629391003
1992-01-01,68.6,64.11,5.230863629391003,16.22552574329226,,,,,,,,,,,,,2.417910447761207
1992-02-01,68.62,64.1,2.417910447761207,6.337093563370932,,,,,,,,,,,,,2.5431290898275005
1992-03-01,68.95,64.13,2.5431290898275005,6.634519454605914,,,,,,,,,,,,,2.2038160035497523
1992-04-01,69.1,64.2,2.2038160035497523,5.958078890906093,,,,,,,,,,,,,2.1867612293144045
1992-05-01,69.16,64.37,2.1867612293144045,5.87171052631581,,,,,,,,,,,,,2.0565172362775552
1992-06-01,68.98,64.6,2.0565172362775552,6.759213353164761,,,,,,,,,,,,,1.8934911242603605
1992-07-01,68.88,64.65,1.8934911242603605,6.332236842105288,,,,,,,,,,,,,2.103392090060741
1992-08-01,68.93,64.94,2.103392090060741,6.861938456475225,,,,,,,,,,,,,2.4765533411489127
1992-09-01,69.93,66.2,2.4765533411489127,8.667104399212079,,,,,,,,,,,,,2.291970802919696
1992-10-01,70.07,66.4,2.291970802919696,8.231458842705797,,,,,,,,,,,,,1.3370149687545352
1992-11-01,69.73,65.94,1.3370149687545352,7.32421875,,,,,,,,,,,,,1.848079161816063
1992-12-01,69.99,65.66,1.848079161816063,5.7156657543068645,,,,,,,,,,,,,4.781341107871717
1993-01-01,71.88,68.78,4.781341107871717,7.284355014818278,93.5,4.586129753914992,,,,,,,,,,,5.056834742057714
1993-02-01,72.09,68.68,5.056834742057714,7.145085803432161,93.6,4.464285714285721,,,,,,,,4.586129753914992,,,5.0036258158085545
1993-03-01,72.4,68.66,5.0036258158085545,7.063776703570879,93.8,4.454342984409809,,,,,,,,4.464285714285721,,,5.209840810419686
1993-04-01,72.7,69.16,5.209840810419686,7.725856697819311,93.9,2.510917030567694,,,,,,,,4.454342984409809,,,4.872758820127254
1993-05-01,72.53,68.67,4.872758820127254,6.680130495572456,94.2,2.614379084967333,,,,,,,,2.510917030567694,,,4.798492316613512
1993-06-01,72.29,68.55,4.798492316613512,6.114551083591335,94.4,2.4972855591748333,,,,,,,,2.614379084967333,,,4.747386759581906
1993-07-01,72.15,68.49,4.747386759581906,5.939675174013903,94.4,2.0540540540540557,,,,,,,,2.4972855591748333,,,4.772958073407785
1993-08-01,72.22,68.49,4.772958073407785,5.466584539574981,94.6,2.049622437971954,,,,,,,,2.0540540540540557,,,4.204204204204198
1993-09-01,72.87,68.5,4.204204204204198,3.47432024169183,94.8,2.0452099031216253,,,,,,,,2.049622437971954,,,4.309975738547189
1993-10-01,73.09,68.77,4.309975738547189,3.5692771084337105,95.1,2.368137782561885,,,,,,,,2.0452099031216253,,,4.847268033844832
1993-11-01,73.11,68.72,4.847268033844832,4.215953897482572,95.3,2.3630504833512367,,,,,,,,2.368137782561885,,,4.072010287183892
1993-12-01,72.84,68.43,4.072010287183892,4.218702406335684,95.6,2.355460385438968,,,,,,,,2.3630504833512367,,,1.6416249304396224
1994-01-01,73.06,69.48,1.6416249304396224,1.0177377144518829,95.9,2.566844919786093,,,,,,,,2.355460385438968,,,1.6645859342488525
1994-02-01,73.29,69.41,1.6645859342488525,1.0629004076878168,96.1,2.670940170940161,,,,,,,,2.566844919786093,,,1.602209944751376
1994-03-01,73.56,69.42,1.602209944751376,1.106903582872132,96.2,2.558635394456288,,,,,,,,2.670940170940161,,,1.595598349381011
1994-04-01,73.86,69.62,1.595598349381011,0.665124349334878,95.9,2.1299254526091493,,,,,,,,2.558635394456288,,,2.054322349372661
1994-05-01,74.02,69.78,2.054322349372661,1.616426387068581,96.2,2.123142250530785,,,,,,,,2.1299254526091493,,,2.42080509060727
1994-06-01,74.04,69.83,2.42080509060727,1.8672501823486565,96.5,2.2245762711864403,,,,,,,,2.123142250530785,,,2.6472626472626493
1994-07-01,74.06,70.0,2.6472626472626493,2.2047014162651646,96.8,2.542372881355925,,,,,,,,2.2245762711864403,,,2.561617280531703
1994-08-01,74.07,70.09,2.561617280531703,2.3361074609432158,97.1,2.6427061310782207,,,,,,,,2.542372881355925,,,2.5799368738850026
1994-09-01,74.75,70.24,2.5799368738850026,2.540145985401443,97.1,2.4261603375527407,,,,,,,,2.6427061310782207,,,2.366944862498266
1994-10-01,74.82,70.39,2.366944862498266,2.3556783481169186,97.6,2.628811777076767,,,,,,,,2.4261603375527407,,,2.270551224182737
1994-11-01,74.77,70.4,2.270551224182737,2.444703143189764,97.8,2.623294858342073,,,,,,,,2.628811777076767,,,2.471169686985175
1994-12-01,74.64,70.3,2.471169686985175,2.7327195674411664,98.0,2.510460251046021,,,,,,,,2.623294858342073,,,2.5458527237886663
1995-01-01,74.92,71.23,2.5458527237886663,2.5187104202648136,98.1,2.294056308654846,,,,,,,,2.510460251046021,,,2.592440987856448
1995-02-01,75.19,71.16,2.592440987856448,2.521250540267972,98.3,2.289281997918846,,,,,,,,2.294056308654846,,,2.610114192495927
1995-03-01,75.48,71.23,2.610114192495927,2.6073177758570987,98.5,2.3908523908523938,,,,,,,,2.289281997918846,,,2.8702951529921528
1995-04-01,75.98,71.79,2.8702951529921528,3.1169204251651816,99.0,3.232533889468181,,,,,,,,2.3908523908523938,,,2.7560118886787333
1995-05-01,76.06,71.81,2.7560118886787333,2.9091430209229108,99.0,2.9106029106029,,,,,,,,3.232533889468181,,,2.6202052944354293
1995-06-01,75.98,71.82,2.6202052944354293,2.849778032364303,99.5,3.1088082901554515,,,,,,,,2.9106029106029,,,2.4844720496894457
1995-07-01,75.9,71.83,2.4844720496894457,2.6142857142857023,100.4,3.7190082644628086,,,,,,,,3.1088082901554515,,,2.349129202106126
1995-08-01,75.81,71.57,2.349129202106126,2.111570837494625,100.5,3.501544799176104,,,,,,,,3.7190082644628086,,,2.1003344481605346
1995-09-01,76.32,71.45,2.1003344481605346,1.7226651480637845,101.0,4.016477857878487,,,,,,,,3.501544799176104,,,2.218658112804084
1995-10-01,76.48,71.73,2.218658112804084,1.9036794999289783,101.5,3.995901639344268,,,,,,,,4.016477857878487,,,2.2602648120904067
1995-11-01,76.46,71.67,2.2602648120904067,1.8039772727272751,101.9,4.192229038854811,,,,,,,,3.995901639344268,,,2.103429796355827
1995-12-01,76.21,71.53,2.103429796355827,1.7496443812233364,102.2,4.285714285714293,,,,,,,,4.192229038854811,,,1.5750133475707306
1996-01-01,76.1,73.8,1.5750133475707306,3.608030324301548,103.8,5.810397553516822,,,,,,,,4.285714285714293,,,1.3299640909695487
1996-02-01,76.19,73.76,1.3299640909695487,3.65373805508713,104.1,5.900305188199395,,,,,,,,5.810397553516822,,,1.4043455219925782
1996-03-01,76.54,73.64,1.4043455219925782,3.383405868313916,104.5,6.091370558375631,,,,,,,,5.900305188199395,,,1.0134245854171997
1996-04-01,76.75,73.59,1.0134245854171997,2.5073129962390306,105.3,6.363636363636371,,,,,,,,6.091370558375631,,,0.801998422298178
1996-05-01,76.67,73.22,0.801998422298178,1.9635148308035035,105.9,6.969696969696981,,,,,,,,6.363636363636371,,,0.5396156883390235
1996-06-01,76.39,73.03,0.5396156883390235,1.6847674742411778,106.1,6.633165829145726,,,,,,,,6.969696969696981,,,0.4216073781291074
1996-07-01,76.22,72.83,0.4216073781291074,1.3921759710427306,106.3,5.876494023904377,,,,,,,,6.633165829145726,,,0.0791452314998109
1996-08-01,75.87,72.54,0.0791452314998109,1.3553164733827172,106.3,5.7711442786069655,,,,,,,,5.876494023904377,,,-0.0262054507337516
1996-09-01,76.3,72.73,-0.0262054507337516,1.7914625612316382,106.9,5.841584158415847,,,,,,,,5.7711442786069655,,,-0.1830543933054373
1996-10-01,76.34,72.77,-0.1830543933054373,1.4498815000697052,106.9,5.320197044334973,,,,,,,,5.841584158415847,,,-0.353125817420874
1996-11-01,76.19,72.55,-0.353125817420874,1.2278498674480165,107.5,5.495583905789991,,,,,,,,5.320197044334973,,,-0.1837029261251843
1996-12-01,76.07,72.34,-0.1837029261251843,1.1323920033552426,108.2,5.870841487279854,,,,,,,,5.495583905789991,,,-0.0525624178712158
1997-01-01,76.06,72.78,-0.0525624178712158,-1.382113821138209,108.8,4.816955684007707,,,,,,,,5.870841487279854,,,-0.223126394539963
1997-02-01,76.02,72.6,-0.223126394539963,-1.5726681127982811,109.4,5.091258405379451,,,,,,,,4.816955684007707,,,-0.2743663443950939
1997-03-01,76.33,72.45,-0.2743663443950939,-1.6159695817490438,110.4,5.6459330143540765,,,,,,,,5.091258405379451,,,-0.0390879478827321
1997-04-01,76.72,72.61,-0.0390879478827321,-1.331702676994162,109.9,4.368471035137711,,,,,,,,5.6459330143540765,,,0.0652145558888817
1997-05-01,76.72,72.4,0.0652145558888817,-1.1199125921879216,110.4,4.249291784702547,,,,,,,,4.368471035137711,,,0.5629009032595889
1997-06-01,76.82,72.64,0.5629009032595889,-0.5340271121456963,110.6,4.241281809613562,,,,,,,,4.249291784702547,,,0.6035161374967402
1997-07-01,76.68,72.8,0.6035161374967402,-0.0411918165591163,110.9,4.327375352775165,,,,,,,,4.241281809613562,,,1.1335178594965134
1997-08-01,76.73,72.71,1.1335178594965134,0.2343534601598973,111.3,4.70366886171214,,,,,,,,4.327375352775165,,,1.4941022280471783
1997-09-01,77.44,72.56,1.4941022280471783,-0.2337412347036993,111.6,4.396632366697828,,,,,,,,4.70366886171214,,,1.506418653392716
1997-10-01,77.49,72.41,1.506418653392716,-0.4947093582520212,111.6,4.396632366697828,,,,,,,,4.396632366697828,,,1.53563459771624
1997-11-01,77.36,72.31,1.53563459771624,-0.3308063404548478,112.1,4.2790697674418565,,,,,,,,4.396632366697828,,,1.6432233469173108
1997-12-01,77.32,72.27,1.6432233469173108,-0.0967652750898606,112.6,4.066543438077619,,,,,,,,4.2790697674418565,,,0.6968183013410512
1998-01-01,76.59,71.87,0.6968183013410512,-1.2503435009617925,113.0,3.860294117647056,,,,,,,,4.066543438077619,,,0.6051039200210662
1998-02-01,76.48,71.68,0.6051039200210662,-1.2672176308539784,113.1,3.3820840950639752,,,,,,,,3.860294117647056,,,0.3537272369972477
1998-03-01,76.6,71.51,0.3537272369972477,-1.297446514837819,113.7,2.9891304347826164,,,,,,,,3.3820840950639752,,,0.1303441084463008
1998-04-01,76.82,71.48,0.1303441084463008,-1.5562594683927733,114.0,3.730664240218373,,,,,,,,2.9891304347826164,,,0.2997914494264897
1998-05-01,76.95,71.42,0.2997914494264897,-1.3535911602210016,114.3,3.532608695652173,,,,,,,,3.730664240218373,,,-0.0390523301223466
1998-06-01,76.79,71.34,-0.0390523301223466,-1.7896475770925124,114.7,3.707052441229664,,,,,,,,3.532608695652173,,,-0.078247261345854
1998-07-01,76.62,71.24,-0.078247261345854,-2.1428571428571463,115.0,3.697024346257893,,,,,,,,3.707052441229664,,,-0.6516356053694827
1998-08-01,76.23,71.02,-0.6516356053694827,-2.3243020217301624,115.6,3.8634321653189474,,,,,,,,3.697024346257893,,,-1.1621900826446208
1998-09-01,76.54,70.93,-1.1621900826446208,-2.246416758544645,115.9,3.85304659498209,,,,,,,,3.8634321653189474,,,-1.019486385340029
1998-10-01,76.7,70.84,-1.019486385340029,-2.1682088109377107,116.1,4.0322580645161255,,,,,,,,3.85304659498209,,,-1.0987590486039256
1998-11-01,76.51,70.62,-1.0987590486039256,-2.337159452357896,116.6,4.014272970562005,,,,,,,,4.0322580645161255,,,-1.2157268494567997
1998-12-01,76.38,70.37,-1.2157268494567997,-2.629030026290291,116.9,3.8188277087033873,,,,,,,,4.014272970562005,,,-0.2350176263219872
1999-01-01,76.41,70.4,-0.2350176263219872,-2.045359677194936,117.2,3.7168141592920367,,,,,,,,3.8188277087033873,,,-0.0915271966527297
1999-02-01,76.41,70.33,-0.0915271966527297,-1.8833705357143016,117.5,3.89036251105217,,,,,,,,3.7168141592920367,,,0.1305483028720688
1999-03-01,76.7,70.13,0.1305483028720688,-1.9298000279681315,117.6,3.430079155672816,,,,,,,,3.89036251105217,,,0.0650872168706184
1999-04-01,76.87,70.0,0.0650872168706184,-2.0705092333519914,117.7,3.2456140350877183,,,,,,,,3.430079155672816,,,0.0779727095516547
1999-05-01,77.01,69.94,0.0779727095516547,-2.072248669840382,118.3,3.499562554680669,,,,,,,,3.2456140350877183,,,0.442765985154292
1999-06-01,77.13,69.93,0.442765985154292,-1.976450798990748,118.4,3.2258064516129004,,,,,,,,3.499562554680669,,,0.2218741842860971
1999-07-01,76.79,69.93,0.2218741842860971,-1.8388545760808397,118.9,3.391304347826085,,,,,,,,3.2258064516129004,,,0.7346189164370909
1999-08-01,76.79,69.9,0.7346189164370909,-1.5770205575893923,119.2,3.114186851211076,,,,,,,,3.391304347826085,,,1.0321400574862638
1999-09-01,77.33,69.91,1.0321400574862638,-1.4380375017623126,119.5,3.106125970664353,,,,,,,,3.114186851211076,,,0.9387222946545036
1999-10-01,77.42,69.87,0.9387222946545036,-1.3692828910220167,120.1,3.445305770887175,,,,,,,,3.106125970664353,,,0.9149130832570852
1999-11-01,77.21,69.83,0.9149130832570852,-1.1186632681959852,120.6,3.430531732418518,,,,,,,,3.445305770887175,,,1.322335689971199
1999-12-01,77.39,69.93,1.322335689971199,-0.6252664487707782,120.8,3.3361847733105243,,,,,,,,3.430531732418518,,,0.4449679361340219
2000-01-01,76.75,70.07,0.4449679361340219,-0.4687500000000177,121.4,3.583617747440271,,,,,,,,3.3361847733105243,,,0.929197748985744
2000-02-01,77.12,70.29,0.929197748985744,-0.056874733399681,121.7,3.574468085106375,,,,,,,,3.583617747440271,,,1.0299869621903437
2000-03-01,77.49,70.43,1.0299869621903437,0.4277769855981939,121.9,3.656462585034026,,,,,,,,3.574468085106375,,,0.7154936906465403
2000-04-01,77.42,70.35,0.7154936906465403,0.4999999999999893,122.5,4.078164825828368,,,,,,,,3.656462585034026,,,1.0128554733151551
2000-05-01,77.79,70.29,1.0128554733151551,0.500428939090658,122.5,3.5502958579881616,,,,,,,,4.078164825828368,,,0.8297679242836864
2000-06-01,77.77,70.37,0.8297679242836864,0.6292006292006214,123.4,4.222972972972983,,,,,,,,3.5502958579881616,,,0.7943742674827448
2000-07-01,77.4,70.44,0.7943742674827448,0.7293007293007081,123.3,3.700588730025234,,,,,,,,4.222972972972983,,,0.8594869123583759
2000-08-01,77.45,70.54,0.8594869123583759,0.9155937052932828,123.6,3.691275167785224,,,,,,,,3.700588730025234,,,0.8793482477693182
2000-09-01,78.01,70.72,0.8793482477693182,1.158632527535408,124.0,3.765690376569042,,,,,,,,3.691275167785224,,,0.968741927150618
2000-10-01,78.17,70.87,0.968741927150618,1.4312294260770075,124.6,3.746877601998344,,,,,,,,3.765690376569042,,,1.308120709752636
2000-11-01,78.22,71.01,1.308120709752636,1.68981812974367,124.9,3.565505804311786,,,,,,,,3.746877601998344,,,0.969117457035784
2000-12-01,78.14,71.15,0.969117457035784,1.744601744601737,125.4,3.807947019867553,,,,,,,,3.565505804311786,,,1.5114006514657996
2001-01-01,77.91,72.46,1.5114006514657996,3.410874839446265,125.8,3.624382207578236,,,,,,,,3.807947019867553,,,1.387448132780067
2001-02-01,78.19,72.69,1.387448132780067,3.414425949637212,126.5,3.944124897288415,,,,,,,,3.624382207578236,,,1.6518260420699482
2001-03-01,78.77,72.78,1.6518260420699482,3.3366463154905546,127.0,4.1837571780147575,,,,,,,,3.944124897288415,,,2.634978041849645
2001-04-01,79.46,73.27,2.634978041849645,4.150675195451314,127.9,4.408163265306131,,,,,,,,4.1837571780147575,,,2.840982131379355
2001-05-01,80.0,73.4,2.840982131379355,4.424526959738229,128.1,4.57142857142856,,,,,,,,4.408163265306131,,,2.713128455702707
2001-06-01,79.88,73.64,2.713128455702707,4.646866562455587,128.7,4.294975688816849,,,,,,,,4.57142857142856,,,2.674418604651163
2001-07-01,79.47,74.02,2.674418604651163,5.082339579784212,129.1,4.703974047039727,,,,,,,,4.294975688816849,,,2.8534538411878474
2001-08-01,79.66,74.21,2.8534538411878474,5.202721859937598,129.5,4.773462783171523,,,,,,,,4.703974047039727,,,2.986796564543015
2001-09-01,80.34,73.68,2.986796564543015,4.185520361990958,130.0,4.838709677419351,,,,,,,,4.773462783171523,,,2.494563131636185
2001-10-01,80.12,73.23,2.494563131636185,3.3300409199943592,130.1,4.414125200642061,,,,,,,,4.838709677419351,,,2.467399642035284
2001-11-01,80.15,73.28,2.467399642035284,3.1967328545275286,130.6,4.563650920736584,,,,,,,,4.414125200642061,,,2.661888917327881
2001-12-01,80.22,73.24,2.661888917327881,2.937456078706946,131.1,4.545454545454541,,,,,,,,4.563650920736584,,,2.7082531125657727
2002-01-01,80.02,74.45,2.7082531125657727,2.74634280982613,131.4,4.451510333863284,,,,,,,,4.545454545454541,,,2.5962399283795845
2002-02-01,80.22,74.49,2.5962399283795845,2.476269087907545,131.9,4.26877470355731,,,,,,,,4.451510333863284,,,2.7040751555160725
2002-03-01,80.9,74.59,2.7040751555160725,2.4869469634515085,132.7,4.488188976377949,,,,,,,,4.26877470355731,,,2.265290712308099
2002-04-01,81.26,75.15,2.265290712308099,2.565852327009699,133.1,4.065676309616872,,,,,,,9.0,4.488188976377949,,,1.824999999999988
2002-05-01,81.46,75.4,1.824999999999988,2.7247956403269717,133.6,4.293520686963315,,,,,,,9.0,4.065676309616872,,9.0,1.827741612418632
2002-06-01,81.34,75.46,1.827741612418632,2.4714828897338226,134.0,4.118104118104138,,,,,,,9.0,4.293520686963315,,9.0,2.0007550018875
2002-07-01,81.06,75.64,2.0007550018875,2.188597676303705,134.3,4.027885360185923,,,,,,,9.0,4.118104118104138,,9.0,1.8076826512678943
2002-08-01,81.1,75.53,1.8076826512678943,1.7787360194043922,134.7,4.015444015444003,,,,,,,9.0,4.027885360185923,,9.0,1.7176997759521972
2002-09-01,81.72,75.69,1.7176997759521972,2.728013029315957,135.1,3.923076923076918,,,,,,,9.0,4.015444015444003,,9.0,2.333999001497733
2002-10-01,81.99,75.85,2.333999001497733,3.577768674040671,135.3,3.9969254419677247,,,,,,,9.0,3.923076923076918,,9.0,2.0461634435433584
2002-11-01,81.79,76.09,2.0461634435433584,3.834606986899569,135.7,3.905053598774888,,,,,,,9.0,3.9969254419677247,,9.0,2.081775118424334
2002-12-01,81.89,75.97,2.081775118424334,3.727471327143639,136.1,3.813882532418012,,,,,,,9.0,3.905053598774888,,9.0,2.6618345413646605
2003-01-01,82.15,78.36,2.6618345413646605,5.25184687709872,136.3,3.729071537290718,,,,,,,9.0,3.813882532418012,,9.0,3.315881326352521
2003-02-01,82.88,79.41,3.315881326352521,6.604913411196134,136.7,3.63912054586808,,,,,,,9.0,3.729071537290718,,9.0,2.9666254635352107
2003-03-01,83.3,79.44,2.9666254635352107,6.502212092773818,137.2,3.3911077618688834,,,,,,,9.0,3.63912054586808,,9.0,2.153581097711044
2003-04-01,83.01,79.11,2.153581097711044,5.269461077844295,137.6,3.380916604057105,,,,,,,9.0,3.3911077618688834,,9.0,1.7800147311564096
2003-05-01,82.91,79.13,1.7800147311564096,4.946949602122008,137.9,3.218562874251507,,,,,,,9.0,3.380916604057105,,9.0,1.6474059503319485
2003-06-01,82.68,78.57,1.6474059503319485,4.121388815266358,138.4,3.2835820895522394,,,,,,,9.0,3.218562874251507,,9.0,1.6407599309153698
2003-07-01,82.39,78.16,1.6407599309153698,3.3315705975674126,138.9,3.4251675353685678,,,,,,,9.0,3.2835820895522394,,9.0,1.5659679408138285
2003-08-01,82.37,78.04,1.5659679408138285,3.3231828412551456,139.3,3.4149962880475337,,,,,,,9.0,3.4251675353685678,,9.0,1.5296133137542745
2003-09-01,82.97,78.2,1.5296133137542745,3.3161580129475565,139.6,3.3308660251665456,,,,,,,9.0,3.4149962880475337,,9.0,1.2562507622880803
2003-10-01,83.02,78.3,1.2562507622880803,3.230059327620305,140.1,3.54767184035476,,,,,,,9.0,3.3308660251665456,,9.0,1.2960019562293423
2003-11-01,82.85,78.49,1.2960019562293423,3.15415954790379,140.6,3.610906411201187,,,,,,,9.0,3.54767184035476,,9.0,1.2699963365490283
2003-12-01,82.93,78.44,1.2699963365490283,3.2512834013426417,140.9,3.5268185157972143,,,,,,,9.0,3.610906411201187,,9.0,0.7303712720633015
2004-01-01,82.75,79.68,0.7303712720633015,1.684532924961735,141.5,3.815113719735863,,,,,,,9.0,3.5268185157972143,,9.0,-0.3981660231660244
2004-02-01,82.55,79.29,-0.3981660231660244,-0.1511144692104116,141.7,3.657644476956845,,,,,,,9.0,3.815113719735863,,9.0,-0.1560624249699826
2004-03-01,83.17,79.13,-0.1560624249699826,-0.3902316213494461,141.6,3.206997084548102,,,,,,,9.0,3.657644476956845,,9.0,0.2047946030598657
2004-04-01,83.18,78.69,0.2047946030598657,-0.5309063329541175,142.2,3.3430232558139483,,,,,,,9.0,3.206997084548102,,9.0,0.578941020383561
2004-05-01,83.39,78.55,0.578941020383561,-0.7329710602805517,142.8,3.5532994923857864,,,,,,,9.0,3.3430232558139483,,9.0,0.4233188195452264
2004-06-01,83.03,78.47,0.4233188195452264,-0.127275041364383,143.0,3.3236994219653093,,,,,,,9.0,3.5532994923857864,,9.0,0.6190071610632453
2004-07-01,82.9,78.48,0.6190071610632453,0.4094165813715467,143.4,3.239740820734349,,,,,,,9.0,3.3236994219653093,,9.0,0.5341750637367859
2004-08-01,82.81,78.64,0.5341750637367859,0.7688364941055736,143.8,3.230437903804728,,,,,,,9.0,3.239740820734349,,9.0,0.5303121610220618
2004-09-01,83.41,78.63,0.5303121610220618,0.5498721227621406,144.1,3.2234957020057298,,,,,,,9.0,3.230437903804728,,9.0,0.7588532883642696
2004-10-01,83.65,78.62,0.7588532883642696,0.4086845466156008,144.5,3.140613847251972,,,,,,,9.0,3.2234957020057298,,9.0,0.3983101991551052
2004-11-01,83.18,78.59,0.3983101991551052,0.1274047649382215,144.8,2.987197724039836,,,,,,,9.0,3.140613847251972,,9.0,0.2773423369106353
2004-12-01,83.16,78.38,0.2773423369106353,-0.0764915859255532,144.9,2.838892831795592,,,,,,,9.0,2.987197724039836,,9.0,-0.0362537764350467
2005-01-01,82.72,78.98,-0.0362537764350467,-0.8785140562248994,145.8,3.0388692579505383,,,,,,,9.0,2.838892831795592,,9.0,0.6783767413688802
2005-02-01,83.11,78.94,0.6783767413688802,-0.4414175810316667,146.1,3.10515172900494,,,,,,,9.0,3.0388692579505383,,9.0,0.1322592280870393
2005-03-01,83.28,78.97,0.1322592280870393,-0.2021989131808399,146.8,3.672316384180796,,,,,,,9.0,3.10515172900494,,9.0,0.2644866554460279
2005-04-01,83.4,79.14,0.2644866554460279,0.5718642775448091,146.5,3.0239099859353136,,,,,,,9.0,3.672316384180796,,9.0,0.0719510732701822
2005-05-01,83.45,79.08,0.0719510732701822,0.6747294716740848,146.8,2.8011204481792618,,,,,,,9.0,3.0239099859353136,,9.0,0.5540166204986097
2005-06-01,83.49,79.05,0.5540166204986097,0.739135975532057,147.3,3.0069930069930084,,,,,,,9.0,2.8011204481792618,,9.0,0.3377563329312494
2005-07-01,83.18,78.79,0.3377563329312494,0.3950050968399621,147.7,2.998605299860513,,,,,,,9.0,3.0069930069930084,,9.0,0.6400193213380145
2005-08-01,83.34,78.89,0.6400193213380145,0.3179043743641863,148.0,2.9207232267037364,,,,,,,9.0,2.998605299860513,,9.0,0.5994485073732125
2005-09-01,83.91,78.96,0.5994485073732125,0.4196871423120862,148.5,3.053435114503822,,,,,,,9.0,2.9207232267037364,,9.0,0.490137477585173
2005-10-01,84.06,79.09,0.490137477585173,0.5978122615110548,149.0,3.114186851211076,,,,,,,9.0,3.053435114503822,,9.0,0.8175042077422479
2005-11-01,83.86,79.27,0.8175042077422479,0.8652500318106604,149.3,3.107734806629825,,,,,,,9.0,3.114186851211076,,9.0,0.8778258778258774
2005-12-01,83.89,79.39,0.8778258778258774,1.288594029089052,149.7,3.31262939958592,,,,,,,9.0,3.107734806629825,,9.0,0.6165377176015507
2006-01-01,83.23,79.75,0.6165377176015507,0.9749303621169768,149.9,2.8120713305898493,,,,,,,9.0,3.31262939958592,,9.0,0.613644567440752
2006-02-01,83.62,80.37,0.613644567440752,1.8115024068913188,150.3,2.874743326488716,,,,,,,9.0,2.8120713305898493,,9.0,1.1167146974063291
2006-03-01,84.21,80.97,1.1167146974063291,2.5326073192351477,150.7,2.656675749318782,,,,,,,9.0,2.874743326488716,,9.0,1.4868105515587482
2006-04-01,84.64,81.24,1.4868105515587482,2.653525398028811,151.4,3.3447098976109317,,,,,,,9.0,2.656675749318782,,9.0,1.5817855002995709
2006-05-01,84.77,81.26,1.5817855002995709,2.756702073849282,151.6,3.269754768392352,,,,,,,9.0,3.3447098976109317,,9.0,1.4971852916517037
2006-06-01,84.74,81.33,1.4971852916517037,2.884250474383298,152.1,3.258655804480637,,,,,,,9.0,3.269754768392352,,9.0,1.7071411396970326
2006-07-01,84.6,81.95,1.7071411396970326,4.010661251427838,152.5,3.2498307379823954,,,,,,,9.0,3.258655804480637,,9.0,1.5838732901367836
2006-08-01,84.66,82.37,1.5838732901367836,4.4112054759792185,152.7,3.175675675675671,,,,,,,9.0,3.2498307379823954,,9.0,1.4777738052675682
2006-09-01,85.15,83.02,1.4777738052675682,5.141843971631199,153.1,3.097643097643088,,,,,,,9.0,3.175675675675671,,9.0,1.3085891030216512
2006-10-01,85.16,82.75,1.3085891030216512,4.627639398154004,153.4,2.9530201342282014,,,,,,,9.0,3.097643097643088,,9.0,1.6813737181015975
2006-11-01,85.27,83.42,1.6813737181015975,5.23527185568311,153.9,3.0810448760884013,,,,,,,9.0,2.9530201342282014,,9.0,1.645011324353307
2006-12-01,85.27,83.24,1.645011324353307,4.849477264139046,154.2,3.006012024048088,,,,,,,9.0,3.0810448760884013,,9.0,1.93439865433136
2007-01-01,84.84,83.97,1.93439865433136,5.291536050156731,154.3,2.9352901934623032,,,,,,,9.0,3.006012024048088,,9.0,1.973212150203296
2007-02-01,85.27,84.05,1.973212150203296,4.57882294388452,154.9,3.0605455755156274,,,,,,,9.0,2.9352901934623032,,9.0,1.923762023512654
2007-03-01,85.83,84.07,1.923762023512654,3.8285784858589578,155.1,2.9197080291970767,,,,,,,9.0,3.0605455755156274,,9.0,1.9258034026464976
2007-04-01,86.27,84.41,1.9258034026464976,3.90201870999507,156.1,3.1043593130779312,,,,,,,9.0,2.9197080291970767,,9.0,1.651527663088359
2007-05-01,86.17,84.14,1.651527663088359,3.5441791779473157,156.5,3.232189973614785,,,,,,,9.0,3.1043593130779312,,9.0,1.8527259853670095
2007-06-01,86.31,84.29,1.8527259853670095,3.6394934218615616,157.0,3.2215647600263075,,,,,,,9.0,3.232189973614785,,9.0,1.8676122931442276
2007-07-01,86.18,84.69,1.8676122931442276,3.3435021354484284,157.4,3.213114754098356,,,,,,,9.0,3.2215647600263075,,9.0,1.759981100874097
2007-08-01,86.15,84.9,1.759981100874097,3.0715066164865856,157.8,3.3398821218074914,,,,,,,9.0,3.213114754098356,,9.0,2.18438050499119
2007-09-01,87.01,85.73,2.18438050499119,3.2642736689954432,158.5,3.527106466361851,,,,,,,9.0,3.3398821218074914,,9.0,2.724283701268204
2007-10-01,87.48,86.12,2.724283701268204,4.072507552870097,159.0,3.650586701434144,,,,,,,9.0,3.527106466361851,,9.0,3.2485047496188635
2007-11-01,88.04,87.08,3.2485047496188635,4.387437065451927,159.5,3.638726445743989,,,,,,,9.0,3.650586701434144,,9.0,3.44787146710448
2007-12-01,88.21,87.64,3.44787146710448,5.285920230658348,160.2,3.891050583657596,,,,,,,9.0,3.638726445743989,,9.0,3.206034889203213
2008-01-01,87.56,88.09,3.206034889203213,4.906514231273085,161.1,4.406999351911844,,,,,,,9.0,3.891050583657596,,9.0,3.107775301981941
2008-02-01,87.92,88.33,3.107775301981941,5.092207019631179,161.5,4.260813428018073,,,,,,,9.0,4.406999351911844,,9.0,3.413724804846807
2008-03-01,88.76,88.94,3.413724804846807,5.792791721184742,162.6,4.835589941972929,,,,,,,9.0,4.260813428018073,,9.0,3.338356323171454
2008-04-01,89.15,89.56,3.338356323171454,6.101172846819103,162.5,4.099935938500954,,,,,,,9.0,4.835589941972929,,9.0,3.864453986306127
2008-05-01,89.5,89.64,3.864453986306127,6.536724506774427,163.0,4.153354632587858,,,,,,,9.0,4.099935938500954,,9.0,4.194183756227554
2008-06-01,89.93,90.7,4.194183756227554,7.604698066200011,164.0,4.458598726114649,,,,,,,9.0,4.153354632587858,,9.0,4.130888837317226
2008-07-01,89.74,91.96,4.130888837317226,8.584248435470542,164.1,4.256670902160087,,,,,,,9.0,4.458598726114649,,9.0,4.341265235055136
2008-08-01,89.89,92.46,4.341265235055136,8.904593639575964,164.8,4.435994930291498,,,,,,,9.0,4.256670902160087,,9.0,4.378807033674281
2008-09-01,90.82,93.49,4.378807033674281,9.051673859792352,165.2,4.227129337539415,,,,,,,9.0,4.435994930291498,,9.0,3.97805212620026
2008-10-01,90.96,94.75,3.97805212620026,10.02090106827682,165.5,4.088050314465419,,,,,,,9.0,4.227129337539415,,9.0,2.4761472058155265
2008-11-01,90.22,93.55,2.4761472058155265,7.429949471750108,166.2,4.200626959247633,,,,,,,9.0,4.088050314465419,,9.0,0.8955900691531626
2008-12-01,89.0,89.4,0.8955900691531626,2.008215426745785,166.5,3.93258426966292,,,,,,,9.0,4.200626959247633,,9.0,1.2677021470991257
2009-01-01,88.67,90.04,1.2677021470991257,2.2136451356567166,166.7,3.476101800124143,,,,,,,9.0,3.93258426966292,,9.0,0.8757961783439461
2009-02-01,88.69,88.43,0.8757961783439461,0.1132118193139408,167.1,3.4674922600619107,,,,,,,9.0,3.476101800124143,,9.0,0.214060387561954
2009-03-01,88.95,87.68,0.214060387561954,-1.4166854058916043,167.6,3.075030750307506,,,,,,,9.0,3.4674922600619107,,9.0,-0.067302299495231
2009-04-01,89.09,87.37,-0.067302299495231,-2.4452880750334915,168.5,3.692307692307684,,,,,,,9.0,3.075030750307506,,9.0,-0.7150837988826875
2009-05-01,88.86,85.58,-0.7150837988826875,-4.529228023203924,169.2,3.803680981595092,,,,,,,9.0,3.692307692307684,,9.0,-0.956299343934186
2009-06-01,89.07,85.85,-0.956299343934186,-5.3472987872105975,169.4,3.292682926829271,,,,,,,9.0,3.803680981595092,,9.0,-1.2034767104969868
2009-07-01,88.66,84.9,-1.2034767104969868,-7.677250978686367,170.0,3.595368677635591,,,,,,,9.0,3.292682926829271,,9.0,-1.1680943375236397
2009-08-01,88.84,84.96,-1.1680943375236397,-8.111615833874108,170.5,3.4587378640776656,,,,,,,9.0,3.595368677635591,,9.0,-1.8718343977097485
2009-09-01,89.12,84.51,-1.8718343977097485,-9.605305380254558,170.8,3.389830508474589,,,,,,,9.0,3.4587378640776656,,9.0,-1.781002638522422
2009-10-01,89.34,84.32,-1.781002638522422,-11.007915567282334,171.1,3.383685800604219,,,,,,,9.0,3.389830508474589,,9.0,-0.9975615162935104
2009-11-01,89.32,84.15,-0.9975615162935104,-10.048102618920352,171.6,3.249097472924189,,,,,,,9.0,3.383685800604219,,9.0,0.5842696629213329
2009-12-01,89.52,84.55,0.5842696629213329,-5.425055928411638,171.9,3.2432432432432545,,,,,,,9.0,3.249097472924189,,9.0,0.3157776023457792
2010-01-01,88.95,84.82,0.3157776023457792,-5.797423367392285,172.5,3.479304139172168,,,,,,,9.0,3.2432432432432545,,9.0,0.902018265869886
2010-02-01,89.49,85.6,0.902018265869886,-3.2002714011082345,172.7,3.3512866546977715,,,,,,,9.0,3.479304139172168,,9.0,0.8431703204047292
2010-03-01,89.7,84.82,0.8431703204047292,-3.2618613138686303,172.9,3.1622911694510814,,,,,,,9.0,3.3512866546977715,,9.0,0.7071500729599167
2010-04-01,89.72,84.45,0.7071500729599167,-3.342108275151656,172.9,2.6112759643917016,,,,,,,9.0,3.1622911694510814,,9.0,1.1478730587440866
2010-05-01,89.88,84.84,1.1478730587440866,-0.8646880112175737,173.1,2.304964539007104,,,,,,,9.0,2.6112759643917016,,9.0,0.9318513528685513
2010-06-01,89.9,85.24,0.9318513528685513,-0.7105416423995314,173.4,2.3612750885478206,,,,,,,9.0,2.304964539007104,,9.0,1.0827881795623773
2010-07-01,89.62,85.66,1.0827881795623773,0.8951707891637017,173.8,2.2352941176470686,,,,,,,9.0,2.3612750885478206,,9.0,0.8892390814948081
2010-08-01,89.63,85.77,0.8892390814948081,0.9533898305084776,174.1,2.111436950146617,,,,,,,9.0,2.2352941176470686,,9.0,1.4138240574506078
2010-09-01,90.38,86.45,1.4138240574506078,2.2955863211454157,174.6,2.2248243559718883,,,,,,,9.0,2.111436950146617,,9.0,1.4886948735169048
2010-10-01,90.67,86.66,1.4886948735169048,2.77514231499052,175.2,2.396259497369946,,,,,,,9.0,2.2248243559718883,,9.0,1.8472906403941056
2010-11-01,90.97,87.45,1.8472906403941056,3.9215686274509673,175.4,2.2144522144522227,,,,,,,9.0,2.396259497369946,,9.0,2.3346738159070624
2010-12-01,91.61,89.03,2.3346738159070624,5.298639858072152,175.9,2.326934264107039,,,,,,,9.0,2.2144522144522227,,9.0,2.46205733558178
2011-01-01,91.14,90.9,2.46205733558178,7.168120726243821,176.3,2.202898550724641,,,,,,,9.0,2.326934264107039,,9.0,2.4583752374567114
2011-02-01,91.69,91.4,2.4583752374567114,6.775700934579443,176.7,2.316155182397228,,,,,,,9.0,2.202898550724641,,9.0,2.9208472686733438
2011-03-01,92.32,92.56,2.9208472686733438,9.125206319264343,176.8,2.2556390977443552,,,,,,,9.0,2.316155182397228,,9.0,3.332590280873826
2011-04-01,92.71,92.73,3.332590280873826,9.804618117229126,176.9,2.3134759976865205,,,,,,,9.0,2.2556390977443552,,9.0,3.337783711615483
2011-05-01,92.88,93.34,3.337783711615483,10.018859028760009,176.8,2.137492778740624,,,,,,,9.0,2.3134759976865205,,9.0,3.0812013348164635
2011-06-01,92.67,93.36,3.0812013348164635,9.526044110746136,177.8,2.5374855824682907,,,,,,,9.0,2.137492778740624,,9.0,3.347467083240341
2011-07-01,92.62,93.66,3.347467083240341,9.339248190520657,178.3,2.589182968929804,,,,,,,9.0,2.5374855824682907,,9.0,3.369407564431559
2011-08-01,92.65,94.01,3.369407564431559,9.607088725661672,178.7,2.642159678345779,,,,,,,9.0,2.589182968929804,,9.0,3.2308032750608677
2011-09-01,93.3,93.91,3.2308032750608677,8.62926547137073,179.0,2.5200458190149044,,,,,,,9.0,2.642159678345779,,9.0,2.900628653358317
2011-10-01,93.3,94.21,2.900628653358317,8.712208631433182,179.6,2.511415525114158,,,,,,,9.0,2.5200458190149044,,9.0,2.8031219083214154
2011-11-01,93.52,95.11,2.8031219083214154,8.759291023441973,180.0,2.622576966932733,,,,,,,9.0,2.511415525114158,,9.0,2.2814103263835817
2011-12-01,93.7,95.42,2.2814103263835817,7.17735594743345,180.3,2.5014212620807275,,,,,,,9.0,2.622576966932733,,9.0,1.8542901031380232
2012-01-01,92.83,95.7,1.8542901031380232,5.280528052805278,180.5,2.382302892796373,,,,,,,9.0,2.5014212620807275,,9.0,1.9195113970989164
2012-02-01,93.45,96.04,1.9195113970989164,5.076586433260388,181.5,2.716468590831922,,,,,,,9.0,2.382302892796373,,9.0,1.505632582322347
2012-03-01,93.71,95.13,1.505632582322347,2.7765773552290263,182.0,2.941176470588225,,,,,,,9.0,2.716468590831922,,9.0,1.305145076043579
2012-04-01,93.92,95.22,1.305145076043579,2.6852151407311453,182.7,3.2786885245901454,,,,,,,9.0,2.941176470588225,,9.0,1.033591731266159
2012-05-01,93.84,94.94,1.033591731266159,1.7141632740518498,182.9,3.450226244343879,,,,,,,9.0,3.2786885245901454,,9.0,1.0143520017265484
2012-06-01,93.61,94.94,1.0143520017265484,1.6923736075407092,183.3,3.093363329583809,,,,,,,9.0,3.450226244343879,,9.0,0.6694018570503113
2012-07-01,93.24,94.48,0.6694018570503113,0.8755071535340608,183.7,3.028603477285463,,,,,,,9.0,3.093363329583809,,9.0,0.744738262277389
2012-08-01,93.34,94.78,0.744738262277389,0.8190618019359608,184.0,2.965864577504207,,,,,,,9.0,3.028603477285463,,9.0,0.4501607717041889
2012-09-01,93.72,94.02,0.4501607717041889,0.1171334256202749,184.5,3.0726256983240274,,,,,,,9.0,2.965864577504207,,9.0,0.37513397642015
2012-10-01,93.65,93.58,0.37513397642015,-0.6687188196582095,184.8,2.895322939866385,,,,,,,9.0,3.0726256983240274,,9.0,-0.1069289991445621
2012-11-01,93.42,93.49,-0.1069289991445621,-1.703290926295875,185.1,2.833333333333332,,,,,,,9.0,2.895322939866385,,9.0,-0.0426894343650063
2012-12-01,93.66,93.86,-0.0426894343650063,-1.6348773841961872,186.1,3.216860787576259,,,,,,,9.0,2.833333333333332,,9.0,0.0538618980932881
2013-01-01,92.88,94.52,0.0538618980932881,-1.233019853709516,185.4,2.714681440443223,,,,,,,9.0,3.216860787576259,,9.0,-0.1712145532370201
2013-02-01,93.29,94.23,-0.1712145532370201,-1.884631403581838,186.0,2.4793388429751984,,,,,,,9.0,2.714681440443223,,9.0,-0.0426848788816491
2013-03-01,93.67,94.24,-0.0426848788816491,-0.9355618627141848,186.7,2.582417582417573,,,,,,,9.0,2.4793388429751984,,9.0,-0.4684838160136206
2013-04-01,93.48,94.27,-0.4684838160136206,-0.9976895610166014,186.7,2.189381499726317,,,,,,,9.0,2.582417582417573,,9.0,-0.22378516624042
2013-05-01,93.63,93.95,-0.22378516624042,-1.0427638508531678,187.2,2.3510114816839733,,,,,,,9.0,2.189381499726317,,9.0,-0.1495566712958029
2013-06-01,93.47,93.51,-0.1495566712958029,-1.506214451232346,187.9,2.5095471903982425,,,,,,,9.0,2.3510114816839733,,9.0,0.107250107250123
2013-07-01,93.34,93.54,0.107250107250123,-0.9949195596951732,188.2,2.4496461622210086,,,,,,,9.0,2.5095471903982425,,9.0,0.0857081637025913
2013-08-01,93.42,93.66,0.0857081637025913,-1.1816838995568737,188.5,2.4456521739130377,,,,,,,9.0,2.4496461622210086,,9.0,0.0746905676483278
2013-09-01,93.79,93.98,0.0746905676483278,-0.0425441395447645,189.0,2.4390243902439046,,,,,,,9.0,2.4456521739130377,,9.0,-0.0640683395622065
2013-10-01,93.59,93.8,-0.0640683395622065,0.2350929685830394,189.4,2.4891774891774965,,,,,,,9.0,2.4390243902439046,,9.0,0.1177478056090697
2013-11-01,93.53,93.95,0.1177478056090697,0.4920312332869825,189.9,2.593192868719618,,,,,,,9.0,2.4891774891774965,,9.0,0.1281229980781617
2013-12-01,93.78,93.74,0.1281229980781617,-0.1278499893458407,190.5,2.364320257925856,,,,,,,9.0,2.593192868719618,,9.0,-0.1937984496123923
2014-01-01,92.7,93.82,-0.1937984496123923,-0.7405840033855249,191.1,3.07443365695792,,,,,,,9.0,2.364320257925856,,9.0,-0.2143852502947796
2014-02-01,93.09,93.54,-0.2143852502947796,-0.7322508755173485,191.6,3.010752688172036,,,,,,,9.0,3.07443365695792,,9.0,-0.6298708231023853
2014-03-01,93.08,93.39,-0.6298708231023853,-0.90195246179966,191.9,2.785216925549028,,,,,,,9.0,3.010752688172036,,9.0,-0.0427899015832289
2014-04-01,93.44,93.39,-0.0427899015832289,-0.933488914819136,192.3,2.9994643813604727,,,,,,,9.0,2.785216925549028,,9.0,-0.1495247249813092
2014-05-01,93.49,93.66,-0.1495247249813092,-0.3086748270356598,192.8,2.991452991453003,,,,,,,9.0,2.9994643813604727,,9.0,0.2246710174387489
2014-06-01,93.68,93.43,0.2246710174387489,-0.0855523473425323,193.1,2.767429483767958,,,,,,,9.0,2.991452991453003,,9.0,0.0321405613884717
2014-07-01,93.37,93.01,0.0321405613884717,-0.566602522984816,193.4,2.763018065887368,,,,,,,9.0,2.767429483767958,,9.0,-0.1498608435024584
2014-08-01,93.28,92.96,-0.1498608435024584,-0.7473841554559102,193.8,2.811671087533152,,,,,,,9.0,2.763018065887368,,9.0,-0.3838362298752562
2014-09-01,93.43,92.93,-0.3838362298752562,-1.1172589912747388,194.1,2.698412698412689,,,,,,,9.0,2.811671087533152,,9.0,-0.1175339245645945
2014-10-01,93.48,92.64,-0.1175339245645945,-1.236673773987207,194.3,2.587117212249201,,,,,,,9.0,2.698412698412689,,9.0,-0.2031433764567491
2014-11-01,93.34,92.52,-0.2031433764567491,-1.5220862160723825,194.8,2.5803054239073253,,,,,,,9.0,2.587117212249201,,9.0,-0.3092343783322682
2014-12-01,93.49,92.39,-0.3092343783322682,-1.440153616385742,195.2,2.467191601049868,,,,,,,9.0,2.5803054239073253,,9.0,-0.2049622437971909
2015-01-01,92.51,92.55,-0.2049622437971909,-1.3536559369004442,195.6,2.354788069073788,,,,,,,9.0,2.467191601049868,,9.0,0.0751960468363899
2015-02-01,93.16,92.2,0.0751960468363899,-1.432542227923883,196.0,2.2964509394572064,,,,,,,9.0,2.354788069073788,,9.0,0.1611516974645566
2015-03-01,93.23,92.03,0.1611516974645566,-1.4562587000749527,196.3,2.292860865033885,,,,,,,9.0,2.2964509394572064,,9.0,-0.2354452054794453
2015-04-01,93.22,91.33,-0.2354452054794453,-2.205803619231184,197.1,2.4960998439937487,2.6,,,,,,9.0,2.292860865033885,,9.0,0.0641779869504866
2015-05-01,93.55,90.99,0.0641779869504866,-2.8507367072389544,197.8,2.593360995850613,2.4,,,,,,9.0,2.4960998439937487,,9.0,-0.4376601195559493
2015-06-01,93.27,90.34,-0.4376601195559493,-3.3072888793749367,197.4,2.226825479026417,2.3,,,,,,9.0,2.593360995850613,,9.0,-0.0749705472850026
2015-07-01,93.3,89.64,-0.0749705472850026,-3.623266315449958,197.8,2.275077559462257,2.3,,,,,,9.0,2.226825479026417,,9.0,-0.1715265866209181
2015-08-01,93.12,89.8,-0.1715265866209181,-3.3993115318416534,198.5,2.42518059855521,2.2,,,,,,9.0,2.275077559462257,,9.0,0.064219201541249
2015-09-01,93.49,89.99,0.064219201541249,-3.1636715807597198,198.8,2.4214322514168,2.3,,,,,,9.0,2.42518059855521,,9.0,0.0855798031664578
2015-10-01,93.56,90.04,0.0855798031664578,-2.806563039723653,199.3,2.573340195573848,2.4,,,,,,9.0,2.4214322514168,,9.0,0.0642811227769435
2015-11-01,93.4,90.3,0.0642811227769435,-2.399481193255515,199.7,2.515400410677615,2.3,,,,,,9.0,2.573340195573848,,9.0,0.0534816557920647
2015-12-01,93.54,89.9,0.0534816557920647,-2.6950968719558377,200.1,2.510245901639352,2.3,,,,,,9.0,2.515400410677615,,9.0,0.7566749540590001
2016-01-01,93.21,91.6,0.7566749540590001,-1.0264721772015206,200.6,2.556237218813906,2.2,,,,,,9.0,2.510245901639352,,9.0,0.3756977243452253
2016-02-01,93.51,91.07,0.3756977243452253,-1.2255965292841786,200.7,2.3979591836734704,2.1,,,,,,9.0,2.556237218813906,,9.0,0.8044620830204963
2016-03-01,93.98,91.16,0.8044620830204963,-0.945343909594698,201.2,2.496179317371361,1.9,,,,,,9.0,2.3979591836734704,,9.0,0.7938210684402369
2016-04-01,93.96,90.9,0.7938210684402369,-0.4708201029234526,200.9,1.9279553526128976,1.9,,,,,,9.0,2.496179317371361,,9.0,0.6199893105291343
2016-05-01,94.13,90.9,0.6199893105291343,-0.0989119683481587,201.7,1.9716885743174872,2.0,,,,,,9.0,1.9279553526128976,,9.0,1.0292698616918727
2016-06-01,94.23,91.48,1.0292698616918727,1.2618994908124792,202.4,2.532928064842954,2.3,,,,,,9.0,1.9716885743174872,,9.0,1.0610932475884294
2016-07-01,94.29,91.31,1.0610932475884294,1.8630075858991455,203.1,2.679474216380173,2.0,,,,,,9.0,2.532928064842954,,9.0,1.138316151202745
2016-08-01,94.18,91.44,1.138316151202745,1.826280623608012,203.4,2.468513853904275,2.1,,,,,,9.0,2.679474216380173,,9.0,0.9091881484650788
2016-09-01,94.34,91.6,0.9091881484650788,1.789087676408485,203.7,2.464788732394352,2.3,,,,,,9.0,2.468513853904275,,9.0,1.1757161179991371
2016-10-01,94.66,92.0,1.1757161179991371,2.17681030653043,204.3,2.5087807325639755,2.4,,,,,,9.0,2.464788732394352,,9.0,1.3811563169164875
2016-11-01,94.69,92.6,1.3811563169164875,2.5470653377630104,204.9,2.6039058587881803,2.8,,,,,,9.0,2.5087807325639755,,9.0,1.731879409878112
2016-12-01,95.16,92.28,1.731879409878112,2.647385984427131,204.8,2.348825587206416,2.7,,,,,,9.0,2.6039058587881803,,9.0,1.4054286020813267
2017-01-01,94.52,93.33,1.4054286020813267,1.8886462882096169,205.1,2.243270189431712,2.6,,,,,,9.0,2.348825587206416,,9.0,1.7859052507753104
2017-02-01,95.18,93.46,1.7859052507753104,2.624354891841452,205.6,2.4414549078226155,3.1,,,,,,9.0,2.243270189431712,,9.0,1.266226856778041
2017-03-01,95.17,93.32,1.266226856778041,2.3694602896007,205.7,2.236580516898612,2.9,,,,,,9.0,2.4414549078226155,,9.0,1.8731375053214092
2017-04-01,95.72,93.16,1.8731375053214092,2.486248624862486,206.3,2.6879044300647026,2.8,,,,,,9.0,2.236580516898612,,9.0,1.7528949325401166
2017-05-01,95.78,93.29,1.7528949325401166,2.6292629262926197,206.7,2.4789291026276583,2.9,,,,,,9.0,2.6879044300647026,,9.0,1.7191977077363862
2017-06-01,95.85,93.04,1.7191977077363862,1.7052907739396606,207.0,2.2727272727272707,3.0,,,,,,9.0,2.4789291026276583,,9.0,2.195354756601975
2017-07-01,96.36,93.79,2.195354756601975,2.7160223414741003,207.6,2.215657311669128,3.1,,,,,,9.0,2.2727272727272707,,9.0,2.155447016351664
2017-08-01,96.21,94.03,2.155447016351664,2.832458442694663,208.0,2.2615535889872085,2.5,,,,,,9.0,2.215657311669128,,9.0,2.119991520033926
2017-09-01,96.34,94.43,2.119991520033926,3.089519650655026,208.5,2.356406480117834,2.9,,,,,,9.0,2.2615535889872085,,9.0,1.7008240016902487
2017-10-01,96.27,94.22,1.7008240016902487,2.413043478260879,208.9,2.2515907978462923,3.2,,,,,,9.0,2.356406480117834,,9.0,1.869257577357697
2017-11-01,96.46,94.73,1.869257577357697,2.3002159827213875,209.3,2.147388970229392,2.7,,,,,,9.0,2.2515907978462923,,9.0,1.7444304329550242
2017-12-01,96.82,94.74,1.7444304329550242,2.665799739921959,209.8,2.44140625,3.2,,,,,,9.0,2.147388970229392,,9.0,1.5763859500634858
2018-01-01,96.01,95.67,1.5763859500634858,2.507232401157178,210.1,2.4378352023403327,3.0,,,,,,9.0,2.44140625,,9.0,1.607480563143504
2018-02-01,96.71,96.25,1.607480563143504,2.9852343248448543,210.7,2.4805447470817032,3.2,,,,,,9.0,2.4378352023403327,,9.0,1.8913523169065805
2018-03-01,96.97,96.78,1.8913523169065805,3.707672524646388,211.3,2.722411278561032,3.3,,,,,,9.0,2.4805447470817032,,9.0,1.7237776849143405
2018-04-01,97.37,96.37,1.7237776849143405,3.4456848432803837,211.2,2.3751817741153536,3.3,,,,,,9.0,2.722411278561032,,9.0,1.9001879306744571
2018-05-01,97.6,95.99,1.9001879306744571,2.8942008789795137,212.1,2.612481857764881,3.5,,,,,,9.0,2.3751817741153536,,9.0,2.055294731351065
2018-06-01,97.82,96.77,2.055294731351065,4.009028374892498,212.5,2.657004830917864,3.8,,,,,,9.0,2.612481857764881,,9.0,2.0444167704441574
2018-07-01,98.33,97.62,2.0444167704441574,4.083591001172837,212.8,2.5048169556840083,4.1,,,,,,9.0,2.657004830917864,,9.0,1.995634549423131
2018-08-01,98.13,98.03,1.995634549423131,4.253961501648407,213.2,2.499999999999991,3.9,,,,,,9.0,2.5048169556840083,,9.0,2.3250986090928016
2018-09-01,98.58,98.12,2.3250986090928016,3.907656465106424,213.9,2.5899280575539585,4.0,,,,,,9.0,2.499999999999991,,9.0,2.2644645268515617
2018-10-01,98.45,98.12,2.2644645268515617,4.139248567183196,214.2,2.5370990904739044,3.6,,,,,,9.0,2.5899280575539585,,9.0,1.969728384822722
2018-11-01,98.36,98.77,1.969728384822722,4.264752454343923,214.7,2.580028666985168,3.7,,,,,,9.0,2.5370990904739044,,9.0,2.034703573641816
2018-12-01,98.79,98.97,2.034703573641816,4.464851171627626,215.4,2.669208770257381,3.8,,,,,,9.0,2.580028666985168,,9.0,1.8748047078429364
2019-01-01,97.81,100.22,1.8748047078429364,4.755931849064488,215.5,2.570204664445508,3.8,,,,,,9.0,2.669208770257381,,9.0,1.892255195946668
2019-02-01,98.54,100.24,1.892255195946668,4.145454545454541,215.8,2.420503084954917,3.9,,,,,,9.0,2.570204664445508,,9.0,1.8562441992368672
2019-03-01,98.77,100.01,1.8562441992368672,3.337466418681556,216.5,2.460955986748692,3.6,,,,,,9.0,2.420503084954917,,9.0,2.1464516791619426
2019-04-01,99.46,100.13,2.1464516791619426,3.901629137698448,216.6,2.556818181818188,3.8,,,,,,9.0,2.460955986748692,,9.0,2.16188524590164
2019-05-01,99.71,99.95,2.16188524590164,4.125429732263797,217.4,2.498821310702515,4.0,,,,,,9.0,2.556818181818188,,9.0,1.7890002044571585
2019-06-01,99.57,99.06,1.7890002044571585,2.366435878888096,218.1,2.635294117647047,3.8,,,,,,9.0,2.498821310702515,,9.0,1.6576833112986744
2019-07-01,99.96,99.96,1.6576833112986744,2.397049784880134,218.5,2.678571428571419,3.7,,,,,,9.0,2.635294117647047,,9.0,1.4368694588810849
2019-08-01,99.54,100.2,1.4368694588810849,2.213608079159446,218.8,2.6266416510319024,3.7,,,,,,9.0,2.678571428571419,,9.0,1.450598498681277
2019-09-01,100.01,100.23,1.450598498681277,2.150428047289044,219.3,2.524544179523147,3.9,,,,,,9.0,2.6266416510319024,,9.0,1.6048755713560237
2019-10-01,100.03,100.18,1.6048755713560237,2.0994700366897767,219.8,2.614379084967333,3.7,,,,,,9.0,2.524544179523147,,9.0,1.7995119967466389
2019-11-01,100.13,100.8,1.7995119967466389,2.0552799433026125,220.5,2.7014438751746583,3.8,,,,,,9.0,2.614379084967333,,9.0,1.75118939163883
2019-12-01,100.52,100.54,1.75118939163883,1.5863392947357946,221.0,2.599814298978642,3.6,,,,,,9.0,2.7014438751746583,,9.0,1.2984357427665794
2020-01-01,99.08,99.9,1.2984357427665794,-0.3192975454001101,222.0,3.0162412993039345,3.8,,,,,,9.0,2.599814298978642,,9.0,1.0452608077937686
2020-02-01,99.57,99.64,1.0452608077937686,-0.5985634477254531,222.2,2.9657089898053712,3.8,,,,,,9.0,3.0162412993039345,,9.0,0.6378454996456506
2020-03-01,99.4,99.43,0.6378454996456506,-0.5799420057994165,222.5,2.771362586605086,3.5,,,,,,9.0,2.9657089898053712,,9.0,-0.3619545545948122
2020-04-01,99.1,98.93,-0.3619545545948122,-1.198442025367008,220.7,1.8928901200369277,3.0,,,,,,9.0,2.771362586605086,,9.0,-0.0100290843445871
2020-05-01,99.7,99.27,-0.0100290843445871,-0.6803401700850475,221.0,1.6559337626494974,3.5,,,,,,9.0,1.8928901200369277,,9.0,0.7030229988952419
2020-06-01,100.27,99.92,0.7030229988952419,0.8681607106803879,221.3,1.4672168729940482,3.9,,,,,,9.0,1.6559337626494974,,9.0,0.5302120848339253
2020-07-01,100.49,99.13,0.5302120848339253,-0.8303321328531399,221.9,1.5560640732265485,4.0,,,,,,9.0,1.4672168729940482,,9.0,0.803697006228643
2020-08-01,100.34,100.77,0.803697006228643,0.5688622754491002,222.8,1.8281535648994485,3.2,,,,,,9.0,1.5560640732265485,,9.0,0.3899610038996082
2020-09-01,100.4,100.99,0.3899610038996082,0.7582560111742964,223.2,1.7783857729138042,3.5,,,,,,9.0,1.8281535648994485,,9.0,0.2799160251924393
2020-10-01,100.31,100.11,0.2799160251924393,-0.0698742263924967,223.7,1.7743403093721355,3.5,,,,,,9.0,1.7783857729138042,,9.0,0.189753320683117
2020-11-01,100.32,100.65,0.189753320683117,-0.1488095238095121,225.6,2.3129251700680253,3.6,,,,,,9.0,1.7743403093721355,,9.0,0.4974134500596916
2020-12-01,101.02,101.27,0.4974134500596916,0.7260791724686522,226.3,2.3981900452488825,3.3,,,,,,9.0,2.3129251700680253,,9.0,1.5845781186919703
2021-01-01,100.65,102.49,1.5845781186919703,2.592592592592591,227.3,2.3873873873873963,3.6,,,,,,9.0,2.3981900452488825,,9.0,1.3558300692979808
2021-02-01,100.92,102.72,1.3558300692979808,3.0911280610196767,228.1,2.655265526552664,3.6,,,,,,9.0,2.3873873873873963,,9.0,1.6901408450704205
2021-03-01,101.08,102.09,1.6901408450704205,2.6752489188373696,228.0,2.4719101123595437,3.7,,,,,,9.0,2.655265526552664,,9.0,2.2401614530777048
2021-04-01,101.32,101.74,2.2401614530777048,2.8403921965025614,227.1,2.8998640688717714,3.6,,,,,,9.0,2.4719101123595437,,9.0,1.8254764292878531
2021-05-01,101.52,102.26,1.8254764292878531,3.011987508814351,227.5,2.941176470588225,4.3,,,,,,9.0,2.8998640688717714,,9.0,1.336391742295806
2021-06-01,101.61,102.56,1.336391742295806,2.642113690952752,227.8,2.93718933574334,3.9,,,,,,9.0,2.941176470588225,,9.0,1.3832222111652914
2021-07-01,101.88,103.67,1.3832222111652914,4.579844648441456,228.3,2.88418206399279,4.8,,,,,,9.0,2.93718933574334,,9.0,2.0530197329081235
2021-08-01,102.4,104.55,2.0530197329081235,3.751116403691568,228.8,2.6929982046678624,3.9,,,,,,9.0,2.88418206399279,,9.0,2.5099601593625565
2021-09-01,102.92,106.14,2.5099601593625565,5.0995148034458815,229.5,2.822580645161299,5.1,,,,,,9.0,2.6929982046678624,,9.0,2.811285016449005
2021-10-01,103.13,104.87,2.811285016449005,4.754769753271404,229.9,2.7715690657130088,5.4,,,,,,9.0,2.822580645161299,,9.0,3.279505582137165
2021-11-01,103.61,106.37,3.279505582137165,5.683060109289606,230.6,2.21631205673758,6.4,,,,,,9.0,2.7715690657130088,,9.0,3.8705206889724897
2021-12-01,104.93,110.78,3.8705206889724897,9.390737632072677,230.7,1.944321696862561,6.0,,,,,,9.0,2.21631205673758,,9.0,3.686040735221052
2022-01-01,104.36,108.34,3.686040735221052,5.707873938920871,231.9,2.023757149142092,6.7,,,,,,9.0,1.944321696862561,,9.0,4.290527150217982
2022-02-01,105.25,107.7,4.290527150217982,4.848130841121501,232.5,1.92897851819378,6.5,,,,,,9.0,2.023757149142092,,9.0,5.9655718242975775
2022-03-01,107.11,110.16,5.9655718242975775,7.90478989127239,233.0,2.1929824561403466,10.1,,,,,,9.0,1.92897851819378,,9.0,6.365969206474542
2022-04-01,107.77,110.0,6.365969206474542,8.118734027914298,233.6,2.862175253192434,10.0,,,,,,9.0,2.1929824561403466,,9.0,7.269503546099298
2022-05-01,108.9,111.27,7.269503546099298,8.810874242127898,234.1,2.901098901098909,9.9,,,,,,9.0,2.862175253192434,,9.0,8.680248007085932
2022-06-01,110.43,113.33,8.680248007085932,10.501170046801867,234.6,2.985074626865658,10.4,,,,,,9.0,2.901098901098909,,9.0,8.490380840204171
2022-07-01,110.53,113.15,8.490380840204171,9.144400501591598,235.1,2.9785370127025868,10.3,,,,,,9.0,2.985074626865658,,9.0,9.833984374999982
2022-08-01,112.47,120.32,9.833984374999982,15.083692013390726,235.6,2.972027972027957,9.9,,,,,,9.0,2.9785370127025868,,9.0,10.843373493975903
2022-09-01,114.08,124.48,10.843373493975903,17.279065385340118,236.0,2.8322440087146017,11.4,,,,,,9.0,2.972027972027957,,9.0,10.850383011732756
2022-10-01,114.32,120.28,10.850383011732756,14.694383522456375,236.8,3.001304915180514,10.8,,,,,,9.0,2.8322440087146017,,9.0,11.45642312518098
2022-11-01,115.48,125.1,11.45642312518098,17.60834821848265,237.4,2.948829141370335,10.0,,,,,,9.0,3.001304915180514,,9.0,12.332030877728004
2022-12-01,117.87,133.11,12.332030877728004,20.157068062827243,238.0,3.1642826181187638,9.9,,,,,,9.0,2.948829141370335,,9.0,11.671138367190492
2023-01-01,116.54,128.13,11.671138367190492,18.266568211187,238.4,2.8029322984044924,9.9,554.874375,613.23875,584.0565624999999,125.19302559945842,,9.0,3.1642826181187638,,9.0,11.952494061757712
2023-02-01,117.83,127.55,11.952494061757712,18.430826369545027,239.4,2.9677419354838808,9.5,526.9991666666666,555.8033333333334,541.40125,116.04982274440036,,9.0,2.8029322984044924,,9.0,10.6339277378396
2023-03-01,118.5,128.26,10.6339277378396,16.43064633260711,240.0,3.0042918454935563,9.7,607.8478947368421,674.8947368421053,641.3713157894738,137.47849217324725,,9.0,2.9677419354838808,,9.0,10.466734712814318
2023-04-01,119.05,129.15,10.466734712814318,17.409090909090907,241.8,3.510273972602751,6.9,540.5513043478261,589.645652173913,565.0984782608696,121.12934396679782,,9.0,3.0042918454935563,,9.0,9.669421487603302
2023-05-01,119.43,128.3,9.669421487603302,15.305113687426996,243.3,3.929944468176005,5.7,343.18038461538464,662.2261538461539,502.7032692307693,107.75487734330378,,9.0,3.510273972602751,,9.0,9.309064565788262
2023-06-01,120.71,131.01,9.309064565788262,15.600458837024611,243.6,3.836317135549882,5.5,341.8527272727273,693.3790909090909,517.6159090909091,110.95141450020972,,9.0,3.929944468176005,,9.0,9.255405772188553
2023-07-01,120.76,129.21,9.255405772188553,14.193548387096763,244.4,3.9557635048915296,6.2,376.5067741935484,417.5654838709677,397.036129032258,85.10503512379482,,9.0,3.836317135549882,,9.0,7.450875789099309
2023-08-01,120.85,130.25,7.450875789099309,8.252992021276606,245.1,4.0322580645161255,7.4,237.9903846153846,363.7611538461539,300.87576923076927,64.49297944420313,,9.0,3.9557635048915296,,9.0,6.477910238429163
2023-09-01,121.47,130.25,6.477910238429163,4.635282776349614,245.8,4.152542372881363,7.1,198.4536,373.8932,286.1734,61.34151397722556,,9.0,4.0322580645161255,,9.0,6.516794961511541
2023-10-01,121.77,131.55,6.516794961511541,9.369803791153974,246.7,4.180743243243223,7.0,258.6653571428571,279.6014285714286,269.13339285714284,57.688973816869634,,9.0,4.152542372881363,,9.0,5.784551437478336
2023-11-01,122.16,136.07,5.784551437478336,8.768984812150272,247.4,4.212299915754003,7.1,517.4031578947369,552.2610526315789,534.8321052631579,114.64172093027854,,9.0,4.180743243243223,,9.0,4.394672096377361
2023-12-01,123.05,137.54,4.394672096377361,3.328074524829061,248.1,4.243697478991604,6.5,453.68950000000007,462.3115,458.0005,98.17280038021106,,9.0,4.212299915754003,,9.0,5.431611463875052
2024-01-01,122.87,141.01,5.431611463875052,10.052290642316386,248.7,4.3204697986577,7.1,611.3819047619048,632.162380952381,621.7721428571429,133.27739262880797,6.457521887213247,9.0,4.243697478991604,,9.0,4.531952813375195
2024-02-01,123.17,139.57,4.531952813375195,9.42375539004312,249.5,4.218880534670011,6.8,485.69642857142856,538.2285714285714,511.9625,109.73960140797618,-5.437510534007828,9.0,4.3204697986577,6.457521887213247,9.0,4.06751054852319
2024-03-01,123.32,140.21,4.06751054852319,9.317012318727592,250.8,4.500000000000015,6.4,594.6290322580645,633.4796774193549,614.0543548387097,131.62307814113728,-4.259149150931263,9.0,4.218880534670011,-5.437510534007828,9.0,3.897522049558999
2024-04-01,123.69,140.26,3.897522049558999,8.602400309717373,252.3,4.342431761786592,6.5,438.3120833333333,501.15,469.7310416666666,100.68725205743284,-16.876250824051574,9.0,4.500000000000015,-4.259149150931263,9.0,3.734405090848192
2024-05-01,123.89,137.95,3.734405090848192,7.521434138737315,252.5,3.781339909576653,6.2,237.13741935483876,505.7787096774193,371.458064516129,79.62235503533618,-26.107887644229987,9.0,4.342431761786592,-16.876250824051574,9.0,2.559854196006972
2024-06-01,123.8,138.37,2.559854196006972,5.617891763987504,253.5,4.064039408866993,6.2,248.0823076923077,564.8619230769231,406.4721153846154,87.12764689945963,-21.472252253895373,9.0,3.781339909576653,-26.107887644229987,9.0,2.60019874130506
2024-07-01,123.9,137.35,2.60019874130506,6.299821995201604,254.3,4.050736497545016,6.2,205.7756666666667,413.0753333333333,309.4255,66.32562157475155,-22.066160388426493,9.0,4.064039408866993,-21.472252253895373,9.0,1.9280099296648867
2024-08-01,123.18,136.05,1.9280099296648867,4.452975047984653,254.9,3.998368013055909,6.0,74.71629629629629,373.22814814814814,223.97222222222223,48.00863811924767,-25.55990042174603,9.0,4.050736497545016,-22.066160388426493,9.0,1.59710216514366
2024-09-01,123.41,135.97,1.59710216514366,4.391554702495193,255.7,4.027664768104144,5.6,147.3962962962963,194.6162962962963,171.00629629629628,36.65534642441552,-40.24381850434169,9.0,3.998368013055909,-25.55990042174603,9.0,1.5767430401576688
2024-10-01,123.69,135.87,1.5767430401576688,3.283922462941846,256.2,3.850830968788,6.0,214.13,232.58172413793105,223.3558620689655,47.87652079123605,-17.00923482671517,9.0,4.027664768104144,-40.24381850434169,9.0,1.5553372626064157
2024-11-01,124.06,138.41,1.5553372626064157,1.7197030939957392,257.1,3.920776071139853,6.3,265.52642857142854,336.62857142857143,301.0775,64.53622060777879,-43.706165535470575,9.0,3.850830968788,-17.00923482671517,9.0,0.8126777732629042
2024-12-01,124.05,137.03,0.8126777732629042,-0.3708012214628353,258.1,4.030632809351076,6.8,335.5244,376.1348,355.8296,76.27238024886512,-22.308032414811773,9.0,3.920776071139853,-43.706165535470575,9.0,
