deliver_date_cet,se3_sek,se4_sek
2023-01-01,203.81,203.81
2023-01-02,1377.8,1377.8
2023-01-03,1483.32,1483.32
2023-01-04,816.87,816.87
2023-01-05,1249.35,1249.35
2023-01-06,1184.26,1184.26
2023-01-07,847.33,853.05
2023-01-08,432.51,432.51
2023-01-09,1327.45,1370.03
2023-01-10,1310.91,1314.17
2023-01-11,635.85,694.17
2023-01-12,657.45,657.45
2023-01-13,770.39,770.39
2023-01-14,622.52,622.52
2023-01-15,201.85,201.85
2023-01-16,896.99,897.52
2023-01-17,699.41,699.41
2023-01-18,1031.7,1074.81
2023-01-19,1493.52,1493.52
2023-01-20,1432.39,1896.78
2023-01-21,1316.02,1426.85
2023-01-22,1140.46,1382.32
2023-01-23,1657.91,2107.03
2023-01-24,1273.15,1957.21
2023-01-25,270.11,963.66
2023-01-26,1102.4,1484.22
2023-01-27,1440.69,1758.15
2023-01-28,366.02,541.73
2023-01-29,341.14,341.14
2023-01-30,257.9,257.9
2023-01-31,857.84,857.84
2023-02-01,1048.25,1048.25
2023-02-02,1522.88,1528.54
2023-02-03,1144.38,1144.38
2023-02-04,1339.87,1481.96
2023-02-05,977.16,1188.48
2023-02-06,1577.34,1826.93
2023-02-07,790.69,1878.4
2023-02-08,653.2,1157.85
2023-02-09,246.12,246.12
2023-02-10,499.09,535.33
2023-02-11,615.14,642.09
2023-02-12,292.67,347.72
2023-02-13,551.55,738.31
2023-02-14,1387.83,1560.07
2023-02-15,1087.99,1422.8
2023-02-16,491.86,1225.89
2023-02-17,517.27,530.94
2023-02-18,388.86,388.86
2023-02-19,702.98,702.98
2023-02-20,501.84,501.84
2023-02-21,1139.98,1145.8
2023-02-22,1257.56,1408.35
2023-02-23,949.04,1098.97
2023-02-24,822.92,822.92
2023-02-25,336.09,336.09
2023-02-26,849.46,876.44
2023-02-27,912.56,1577.89
2023-02-28,506.28,1417.44
2023-03-01,902.59,1436.06
2023-03-02,266.95,1350.68
2023-03-03,516.69,834.35
2023-03-04,727.37,854.5
2023-03-05,1314.21,1321.77
2023-03-06,1674.15,1678.63
2023-03-07,1107.89,1107.89
2023-03-08,1479.37,1481.1
2023-03-09,1444.38,1447.57
2023-03-10,1306.97,1306.97
2023-03-11,1041.49,1041.49
2023-03-12,862.32,868.96
2023-03-13,463.51,463.51
2023-03-14,650.53,650.53
2023-03-15,975.37,975.37
2023-03-16,915.59,996.44
2023-03-17,333.24,333.24
2023-03-18,340.96,340.96
2023-03-19,588.74,735.43
2023-03-20,910.02,1085.75
2023-03-21,832.21,1070.24
2023-03-22,488.59,488.59
2023-03-23,386.29,386.29
2023-03-24,450.51,450.51
2023-03-25,317.55,317.55
2023-03-26,550.97,550.97
2023-03-27,689.29,748.69
2023-03-28,870.32,955.86
2023-03-29,1152.27,1287.17
2023-03-30,793.14,946.88
2023-03-31,628.13,924.37
2023-04-01,474.68,474.68
2023-04-02,583.14,583.14
2023-04-03,1146.61,1146.61
2023-04-04,1295.19,1366.21
2023-04-05,1222.67,1442.72
2023-04-06,1048.71,1087.14
2023-04-07,643.39,643.39
2023-04-08,613.32,613.32
2023-04-09,593.49,593.49
2023-04-10,331.67,331.67
2023-04-11,349.22,457.28
2023-04-12,447.57,447.57
2023-04-13,205.87,326.05
2023-04-14,373.4,531.7
2023-04-15,472.06,472.06
2023-04-16,820.73,820.73
2023-04-17,1133.85,1194.64
2023-04-18,966.95,967.99
2023-04-19,637.64,637.64
2023-04-20,581.88,584.29
2023-04-21,668.85,836.34
2023-04-22,402.23,402.23
2023-04-23,415.9,551.67
2023-04-24,755.08,953.06
2023-04-25,440.92,464.81
2023-04-26,645.53,645.53
2023-04-27,1182.76,1203.87
2023-04-28,1146.94,1156.4
2023-04-29,735.6,771.62
2023-04-30,273.56,451.59
2023-05-01,578.54,578.54
2023-05-02,980.08,1077.62
2023-05-03,597.18,943.66
2023-05-04,993.61,1088.98
2023-05-05,934.84,934.84
2023-05-06,809.88,809.88
2023-05-07,653.46,596.22
2023-05-08,758.1,770.35
2023-05-09,225.52,225.52
2023-05-10,88.49,88.49
2023-05-11,231.02,681.38
2023-05-12,531.57,943.43
2023-05-13,233.4,856.77
2023-05-14,94.28,807.63
2023-05-15,432.28,1272.4
2023-05-16,441.54,623.3
2023-05-17,90.25,311.09
2023-05-18,314.89,975.46
2023-05-19,258.51,991.17
2023-05-20,91.02,528.54
2023-05-21,138.93,352.82
2023-05-22,395.69,981.94
2023-05-23,358.99,779.51
2023-05-24,178.48,1127.22
2023-05-25,218.33,642.57
2023-05-26,169.76,609.79
2023-05-27,64.15,715.43
2023-05-28,123.08,474.35
2023-05-29,190.76,340.88
2023-05-30,588.82,1001.15
2023-05-31,330.51,654.32
2023-06-01,429.59,766.99
2023-06-02,279.26,931.45
2023-06-03,191.04,647.54
2023-06-04,121.06,614.21
2023-06-05,61.51,1043.69
2023-06-06,214.31,1122.65
2023-06-07,324.43,1162.94
2023-06-08,283.62,980.31
2023-06-09,404.03,700.51
2023-06-10,287.26,287.26
2023-06-11,117.53,431.79
2023-06-12,363.33,1100.46
2023-06-13,508.86,1043.95
2023-06-14,762.35,1198.94
2023-06-15,721.25,1387.3
2023-06-16,748.25,1482.03
2023-06-17,603.61,1212.19
2023-06-18,525.29,1070.9
2023-06-19,903.38,1354.62
2023-06-20,721.21,1410.2
2023-06-21,679.59,1389.05
2023-06-22,560.56,1250.96
2023-06-23,135.17,1199.75
2023-06-24,264.35,616.61
2023-06-25,443.34,665.97
2023-06-26,879.08,1047.42
2023-06-27,939.3,984.53
2023-06-28,1277.33,1284.43
2023-06-29,1283.39,1387.85
2023-06-30,883.37,1241.74
2023-07-01,350.85,404.83
2023-07-02,38.66,38.66
2023-07-03,352.11,352.11
2023-07-04,485.65,575.94
2023-07-05,564.66,675.79
2023-07-06,647.21,647.21
2023-07-07,747.14,747.14
2023-07-08,579.85,579.85
2023-07-09,656.27,656.27
2023-07-10,811.94,879.95
2023-07-11,651.62,994.83
2023-07-12,455.7,755.08
2023-07-13,529.51,674.22
2023-07-14,490.91,490.91
2023-07-15,212.04,212.04
2023-07-16,-95.55,-95.55
2023-07-17,56.99,56.99
2023-07-18,195.69,338.66
2023-07-19,338.94,345.77
2023-07-20,316.75,316.75
2023-07-21,314.07,314.07
2023-07-22,269.09,269.09
2023-07-23,164.95,177.26
2023-07-24,315.66,315.66
2023-07-25,298.75,298.75
2023-07-26,339.48,339.48
2023-07-27,382.01,382.01
2023-07-28,386.49,386.49
2023-07-29,217.56,217.56
2023-07-30,214.31,214.31
2023-07-31,382.4,382.4
2023-08-01,347.18,347.18
2023-08-02,295.13,748.92
2023-08-03,245.87,434.06
2023-08-04,242.61,506.0
2023-08-05,167.44,167.44
2023-08-06,130.75,130.75
2023-08-07,4.04,4.04
2023-08-08,-53.16,-53.16
2023-08-09,28.22,28.22
2023-08-10,176.21,176.21
2023-08-11,209.67,209.67
2023-08-12,138.57,138.57
2023-08-13,152.98,152.98
2023-08-14,287.22,621.47
2023-08-15,254.11,425.56
2023-08-16,194.45,765.97
2023-08-17,187.81,592.45
2023-08-18,256.31,256.31
2023-08-19,184.23,184.23
2023-08-20,359.92,359.92
2023-08-21,288.28,554.34
2023-08-22,281.92,648.34
2023-08-23,291.37,541.7
2023-08-24,982.37,1252.73
2023-08-25,856.72,856.72
2023-08-26,236.27,236.27
2023-08-27,423.63,423.63
2023-08-28,1178.72,1178.72
2023-08-29,759.64,1118.53
2023-08-30,1222.32,1222.32
2023-08-31,1126.28,1126.28
2023-09-01,509.63,580.85
2023-09-02,241.59,288.0
2023-09-03,222.12,397.19
2023-09-04,142.9,815.61
2023-09-05,110.22,475.05
2023-09-06,510.26,979.87
2023-09-07,555.61,697.14
2023-09-08,974.66,974.66
2023-09-09,124.47,124.47
2023-09-10,130.19,130.19
2023-09-11,718.6,836.4
2023-09-12,120.53,1244.07
2023-09-13,762.95,1216.25
2023-09-14,1022.36,1216.4
2023-09-15,298.17,1286.4
2023-09-16,131.37,1089.26
2023-09-17,116.99,486.06
2023-09-18,97.45,97.45
2023-09-19,1.3,1.3
2023-09-20,21.93,32.8
2023-09-21,17.12,17.12
2023-09-22,10.47,469.88
2023-09-23,34.6,34.6
2023-09-24,27.81,258.23
2023-09-25,-0.78,-0.78
2023-09-26,92.94,990.05
2023-09-27,125.8,485.73
2023-09-28,134.19,134.19
2023-09-29,43.59,43.59
2023-09-30,-2.32,-2.32
2023-10-01,9.23,9.23
2023-10-02,208.95,208.95
2023-10-03,51.56,51.56
2023-10-04,18.47,18.47
2023-10-05,140.6,140.6
2023-10-06,51.93,51.93
2023-10-07,-14.12,-14.12
2023-10-08,25.8,25.8
2023-10-09,1011.57,1011.57
2023-10-10,654.43,654.43
2023-10-11,-14.41,-14.41
2023-10-12,-35.36,-35.36
2023-10-13,128.96,128.96
2023-10-14,-23.62,-23.62
2023-10-15,-29.28,-29.28
2023-10-16,245.98,245.98
2023-10-17,529.65,529.65
2023-10-18,547.74,669.64
2023-10-19,96.21,96.21
2023-10-20,119.11,119.11
2023-10-21,106.84,106.84
2023-10-22,347.02,356.3
2023-10-23,965.42,1230.72
2023-10-24,550.91,746.87
2023-10-25,433.14,433.14
2023-10-26,601.14,853.05
2023-10-27,1027.63,1071.87
2023-10-28,797.8,802.85
2023-10-29,369.37,369.37
2023-10-30,694.65,694.65
2023-10-31,629.93,632.04
2023-11-01,524.95,527.93
2023-11-02,506.28,521.69
2023-11-03,178.29,178.29
2023-11-04,89.61,89.61
2023-11-05,272.92,279.23
2023-11-06,740.19,740.19
2023-11-07,971.87,971.87
2023-11-08,757.73,757.73
2023-11-09,527.24,527.24
2023-11-10,508.44,542.92
2023-11-11,297.3,486.32
2023-11-12,341.6,456.31
2023-11-13,810.35,861.9
2023-11-14,762.95,762.95
2023-11-15,1190.97,1190.97
2023-11-16,1331.61,1331.61
2023-11-17,1345.77,1347.04
2023-11-18,1025.4,1026.41
2023-11-19,729.45,729.45
2023-11-20,1206.86,1206.86
2023-11-21,1397.72,1398.78
2023-11-22,486.21,660.62
2023-11-23,298.03,298.03
2023-11-24,200.11,271.96
2023-11-25,827.14,828.72
2023-11-26,1306.08,1306.32
2023-11-27,1270.69,1271.13
2023-11-28,1313.5,1325.76
2023-11-29,1527.93,1609.02
2023-11-30,1892.09,1907.63
2023-12-01,1676.82,1804.88
2023-12-02,1297.76,1302.31
2023-12-03,1184.36,1184.36
2023-12-04,1722.62,1722.62
2023-12-05,1808.15,1808.15
2023-12-06,1479.81,1483.65
2023-12-07,1298.72,1312.01
2023-12-08,1118.65,1127.03
2023-12-09,745.07,819.05
2023-12-10,695.57,695.57
2023-12-11,961.52,962.19
2023-12-12,1365.42,1365.94
2023-12-13,1168.43,1168.43
2023-12-14,1349.71,1349.71
2023-12-15,990.76,990.76
2023-12-16,180.65,180.65
2023-12-17,45.59,45.59
2023-12-18,178.61,178.61
2023-12-19,196.73,301.89
2023-12-20,535.16,535.16
2023-12-21,406.85,406.85
2023-12-22,280.93,280.93
2023-12-23,386.32,386.32
2023-12-24,430.38,430.38
2023-12-25,353.64,345.47
2023-12-26,449.94,449.94
2023-12-27,615.33,616.13
2023-12-28,399.97,399.97
2023-12-29,308.54,308.54
2023-12-30,455.06,455.06
2023-12-31,457.17,457.17
2024-01-01,438.91,438.91
2024-01-02,648.5,648.5
2024-01-03,657.68,657.68
2024-01-04,989.78,989.78
2024-01-05,2172.08,2172.08
2024-01-06,1052.36,1052.36
2024-01-07,998.71,998.71
2024-01-08,1163.0,1167.0
2024-01-09,1046.47,1227.69
2024-01-10,833.42,1208.81
2024-01-11,957.4,1078.09
2024-01-12,1139.88,1173.69
2024-01-13,691.66,764.17
2024-01-14,853.22,853.22
2024-01-15,981.32,981.32
2024-01-16,1566.54,1566.54
2024-01-17,1093.63,1094.1
2024-01-18,1027.81,1031.19
2024-01-19,929.36,929.36
2024-01-20,846.08,846.08
2024-01-21,463.83,463.83
2024-01-22,305.78,305.78
2024-01-23,382.3,382.3
2024-01-24,444.07,444.07
2024-01-25,862.55,863.66
2024-01-26,571.39,572.59
2024-01-27,201.38,227.07
2024-01-28,142.54,314.01
2024-01-29,554.43,643.27
2024-01-30,669.79,745.36
2024-01-31,205.74,205.74
2024-02-01,80.61,80.61
2024-02-02,256.97,256.97
2024-02-03,10.9,10.9
2024-02-04,152.84,152.84
2024-02-05,499.12,499.12
2024-02-06,690.06,690.06
2024-02-07,924.33,924.33
2024-02-08,1000.38,1000.38
2024-02-09,777.71,777.71
2024-02-10,749.27,749.27
2024-02-11,667.74,667.74
2024-02-12,813.69,823.59
2024-02-13,778.44,788.82
2024-02-14,693.84,761.37
2024-02-15,735.19,791.54
2024-02-16,369.39,414.36
2024-02-17,215.6,443.4
2024-02-18,435.43,514.28
2024-02-19,705.2,712.84
2024-02-20,627.45,654.9
2024-02-21,525.58,548.31
2024-02-22,409.94,525.76
2024-02-23,38.12,38.12
2024-02-24,347.41,347.41
2024-02-25,455.59,458.08
2024-02-26,629.03,735.55
2024-02-27,624.32,818.17
2024-02-28,237.11,735.73
2024-02-29,148.62,148.62
2024-03-01,349.7,418.15
2024-03-02,507.99,507.99
2024-03-03,610.39,610.39
2024-03-04,724.55,724.55
2024-03-05,701.18,701.18
2024-03-06,892.39,899.63
2024-03-07,818.5,850.89
2024-03-08,739.62,749.61
2024-03-09,586.25,586.25
2024-03-10,462.67,385.02
2024-03-11,638.58,642.41
2024-03-12,837.36,955.42
2024-03-13,626.84,730.28
2024-03-14,236.46,403.33
2024-03-15,373.31,406.69
2024-03-16,368.59,368.59
2024-03-17,553.52,565.79
2024-03-18,679.3,877.95
2024-03-19,657.22,898.17
2024-03-20,799.77,967.44
2024-03-21,841.65,907.64
2024-03-22,535.2,535.2
2024-03-23,400.78,400.78
2024-03-24,562.73,562.73
2024-03-25,962.94,962.94
2024-03-26,711.97,717.4
2024-03-27,548.64,576.44
2024-03-28,441.47,461.08
2024-03-29,278.82,278.82
2024-03-30,471.73,471.73
2024-03-31,513.38,513.38
2024-04-01,320.89,331.46
2024-04-02,327.06,397.01
2024-04-03,527.53,822.39
2024-04-04,716.39,737.51
2024-04-05,546.63,581.32
2024-04-06,503.7,507.26
2024-04-07,49.05,49.05
2024-04-08,426.75,696.93
2024-04-09,515.09,575.88
2024-04-10,14.9,14.9
2024-04-11,91.6,91.6
2024-04-12,269.03,272.19
2024-04-13,49.49,94.03
2024-04-14,49.17,-64.33
2024-04-15,444.72,609.9
2024-04-16,597.82,677.34
2024-04-17,915.94,1161.71
2024-04-18,1030.93,1112.82
2024-04-19,631.69,685.36
2024-04-20,452.73,677.01
2024-04-21,707.06,745.36
2024-04-22,1115.53,1120.98
2024-04-23,1134.76,1134.76
2024-04-24,1121.09,1121.09
2024-04-25,1056.42,1056.42
2024-04-26,985.64,987.82
2024-04-27,784.61,744.13
2024-04-28,411.42,285.93
2024-04-29,558.08,848.61
2024-04-30,538.44,658.94
2024-05-01,251.25,234.0
2024-05-02,290.56,264.7
2024-05-03,405.01,534.08
2024-05-04,307.36,659.34
2024-05-05,287.94,573.52
2024-05-06,563.19,834.79
2024-05-07,793.77,830.33
2024-05-08,951.02,951.02
2024-05-09,195.58,212.78
2024-05-10,164.31,594.49
2024-05-11,205.59,614.66
2024-05-12,134.34,248.42
2024-05-13,294.77,354.26
2024-05-14,91.36,211.57
2024-05-15,130.46,203.29
2024-05-16,147.79,155.88
2024-05-17,87.31,87.31
2024-05-18,68.79,160.99
2024-05-19,66.21,269.47
2024-05-20,162.09,660.85
2024-05-21,270.24,355.43
2024-05-22,116.84,116.84
2024-05-23,43.43,432.67
2024-05-24,233.58,999.48
2024-05-25,105.62,795.26
2024-05-26,30.33,654.59
2024-05-27,51.24,689.58
2024-05-28,75.03,701.62
2024-05-29,326.52,472.83
2024-05-30,291.34,832.74
2024-05-31,208.39,972.35
2024-06-01,183.09,653.4
2024-06-02,97.61,279.54
2024-06-03,219.4,1037.1
2024-06-04,201.89,813.37
2024-06-05,77.71,445.55
2024-06-06,152.8,877.8
2024-06-07,321.83,922.18
2024-06-08,155.85,278.92
2024-06-09,-8.88,-8.88
2024-06-10,325.34,520.18
2024-06-11,634.33,713.59
2024-06-12,535.43,664.32
2024-06-13,544.59,768.5
2024-06-14,424.8,424.8
2024-06-15,160.85,182.46
2024-06-16,138.48,308.8
2024-06-17,613.26,1045.86
2024-06-18,524.08,1017.74
2024-06-19,399.24,700.3
2024-06-20,86.5,760.96
2024-06-21,200.13,497.65
2024-06-22,279.98,385.03
2024-06-23,241.95,430.5
2024-06-24,373.13,1023.82
2024-06-25,350.94,883.31
2024-06-26,339.55,584.26
2024-06-27,302.94,960.17
2024-06-28,98.88,557.64
2024-06-29,11.02,660.16
2024-06-30,193.29,421.9
2024-07-01,369.0,996.76
2024-07-02,375.01,818.98
2024-07-03,388.05,767.89
2024-07-04,172.69,225.84
2024-07-05,123.3,123.3
2024-07-06,64.4,64.4
2024-07-07,-50.34,168.56
2024-07-08,267.93,468.48
2024-07-09,349.41,501.46
2024-07-10,276.05,614.54
2024-07-11,249.27,1041.54
2024-07-12,315.04,968.99
2024-07-13,133.63,133.63
2024-07-14,92.11,120.92
2024-07-15,256.4,538.22
2024-07-16,279.27,510.97
2024-07-17,194.98,483.29
2024-07-18,172.33,172.33
2024-07-19,202.75,486.91
2024-07-20,185.91,399.76
2024-07-21,188.23,446.9
2024-07-22,262.46,539.08
2024-07-23,252.85,489.12
2024-07-24,243.43,402.88
2024-07-25,264.98,313.23
2024-07-26,232.23,339.08
2024-07-27,240.95,285.57
2024-07-28,35.38,35.38
2024-07-29,46.04,292.46
2024-07-30,152.72,536.62
2024-07-31,86.08,146.71
2024-08-01,77.35,639.98
2024-08-02,166.96,749.65
2024-08-03,199.54,275.65
2024-08-04,197.78,197.78
2024-08-05,289.95,961.36
2024-08-06,256.42,1019.86
2024-08-07,192.34,1062.88
2024-08-08,90.08,1053.49
2024-08-09,49.02,325.5
2024-08-10,-71.92,-71.92
2024-08-11,-78.8,-78.8
2024-08-12,137.73,530.06
2024-08-13,231.79,471.2
2024-08-14,202.53,445.32
2024-08-15,99.98,636.71
2024-08-16,91.31,1025.21
2024-08-17,128.86,970.06
2024-08-18,107.64,988.94
2024-08-19,91.53,631.85
2024-08-20,61.9,283.98
2024-08-21,30.6,91.1
2024-08-22,54.92,54.92
2024-08-23,6.45,6.45
2024-08-24,-59.84,-59.84
2024-08-25,-52.27,-52.27
2024-08-26,-5.42,-5.42
2024-08-27,25.33,686.6
2024-08-28,39.28,305.42
2024-08-29,46.58,471.08
2024-08-30,24.95,326.11
2024-08-31,14.92,295.69
2024-09-01,105.35,449.67
2024-09-02,460.97,1298.65
2024-09-03,280.81,1438.75
2024-09-04,209.34,1208.96
2024-09-05,205.95,361.47
2024-09-06,113.43,388.23
2024-09-07,76.01,91.96
2024-09-08,41.2,179.46
2024-09-09,15.97,15.97
2024-09-10,7.93,7.93
2024-09-11,138.2,138.2
2024-09-12,73.96,73.96
2024-09-13,203.88,230.09
2024-09-14,70.42,70.42
2024-09-15,95.4,95.4
2024-09-16,424.61,424.61
2024-09-17,394.71,417.16
2024-09-18,282.8,282.82
2024-09-19,187.03,187.03
2024-09-20,176.31,176.31
2024-09-21,91.74,126.33
2024-09-22,176.94,439.76
2024-09-23,216.19,216.19
2024-09-24,203.7,203.7
2024-09-25,87.57,87.57
2024-09-26,133.63,133.63
2024-09-27,70.55,70.55
2024-09-28,68.49,68.49
2024-09-29,70.96,70.96
2024-09-30,246.77,246.77
2024-10-01,330.61,330.61
2024-10-02,614.47,614.47
2024-10-03,507.38,507.38
2024-10-04,603.83,603.83
2024-10-05,300.61,300.61
2024-10-06,282.26,282.26
2024-10-07,441.17,441.17
2024-10-08,331.21,331.21
2024-10-09,90.78,90.78
2024-10-10,172.8,172.8
2024-10-11,73.64,73.64
2024-10-12,111.35,111.35
2024-10-13,138.18,138.18
2024-10-14,437.75,1115.63
2024-10-15,496.11,666.41
2024-10-16,148.04,151.25
2024-10-17,22.37,22.37
2024-10-18,112.41,112.41
2024-10-19,54.82,54.82
2024-10-20,11.75,11.75
2024-10-21,-11.29,-11.29
2024-10-22,36.27,36.27
2024-10-23,5.77,5.77
2024-10-24,284.11,409.21
2024-10-25,224.97,224.97
2024-10-26,500.19,558.65
2024-10-27,-4.41,-4.41
2024-10-28,107.37,186.17
2024-10-29,483.78,1499.78
2024-10-30,91.82,129.43
2024-10-31,131.18,192.8
2024-11-01,32.47,35.61
2024-11-02,95.8,128.0
2024-11-03,56.77,60.69
2024-11-04,1006.88,1190.46
2024-11-05,900.74,1166.12
2024-11-06,900.65,1581.19
2024-11-07,768.46,1418.94
2024-11-08,398.68,918.85
2024-11-09,756.97,1113.78
2024-11-10,939.0,1196.19
2024-11-11,1091.38,1376.89
2024-11-12,1345.99,1916.97
2024-11-13,666.51,1224.16
2024-11-14,402.18,531.84
2024-11-15,195.02,259.68
2024-11-16,16.96,24.78
2024-11-17,184.47,191.38
2024-11-18,924.58,977.34
2024-11-19,1395.46,1387.21
2024-11-20,917.58,1054.55
2024-11-21,1087.83,1248.94
2024-11-22,1313.43,1365.44
2024-11-23,631.3,698.65
2024-11-24,51.56,53.93
2024-11-25,146.37,184.6
2024-11-26,276.37,305.79
2024-11-27,1090.36,1153.02
2024-11-28,1108.19,1066.03
2024-11-29,1078.82,1221.14
2024-11-30,304.84,341.66
2024-12-01,223.31,298.9
2024-12-02,258.6,381.0
2024-12-03,1065.12,1032.55
2024-12-04,1656.77,1755.34
2024-12-05,693.42,812.4
2024-12-06,455.45,623.31
2024-12-07,520.97,595.14
2024-12-08,627.69,625.86
2024-12-09,770.89,796.39
2024-12-10,967.11,1626.71
2024-12-11,2277.92,2627.87
2024-12-12,2442.12,3574.59
2024-12-13,1260.57,1476.59
2024-12-14,231.74,292.2
2024-12-15,273.46,257.69
2024-12-16,270.01,240.13
2024-12-17,735.65,629.59
2024-12-18,385.02,345.9
2024-12-19,230.3,231.7
2024-12-20,323.99,323.71
2024-12-21,229.45,232.78
2024-12-22,250.83,248.64
2024-12-23,631.19,622.13
2024-12-24,357.02,369.29
2024-12-25,106.49,134.04
2024-12-26,91.89,157.23
2024-12-27,214.95,392.34
2024-12-28,164.41,265.73
2024-12-29,11.27,9.89
2024-12-30,143.95,251.07
2024-12-31,186.16,266.31
2025-01-01,75.36,72.63
2025-01-02,925.02,923.37
2025-01-03,744.64,741.66
2025-01-04,1054.78,1042.57
2025-01-05,736.73,726.36
2025-01-06,282.61,287.7
2025-01-07,243.17,264.21
2025-01-08,776.8,797.45
2025-01-09,1180.18,1172.25
2025-01-10,1049.12,1045.32
2025-01-11,414.88,410.44
2025-01-12,810.91,839.67
2025-01-13,279.97,414.18
2025-01-14,164.3,258.16
2025-01-15,723.08,1393.67
2025-01-16,202.44,382.45
2025-01-17,155.34,269.48
2025-01-18,212.76,378.09
2025-01-19,349.5,643.65
2025-01-20,1804.64,2057.1
2025-01-21,980.53,1758.77
2025-01-22,1403.65,1523.14
2025-01-23,845.47,856.16
2025-01-24,345.91,368.33
2025-01-25,101.72,176.45
2025-01-26,255.7,343.59
2025-01-27,444.93,438.45
2025-01-28,811.14,913.75
2025-01-29,799.53,996.47
2025-01-30,610.21,932.26
2025-01-31,882.71,1165.66
2025-02-01,634.96,1137.63
2025-02-02,692.49,1209.44
2025-02-03,1353.53,1490.94
2025-02-04,811.57,1104.6
2025-02-05,307.94,520.72
2025-02-06,921.71,1217.24
2025-02-07,554.7,1016.52
2025-02-08,558.66,699.71
2025-02-09,525.73,956.94
2025-02-10,765.12,877.43
2025-02-11,608.39,760.39
2025-02-12,1110.58,1435.98
2025-02-13,1214.65,1621.73
2025-02-14,1816.15,1906.86
2025-02-15,999.21,1425.04
2025-02-16,1368.54,1424.25
2025-02-17,1583.24,1691.48
2025-02-18,834.41,1437.17
2025-02-19,965.2,1230.83
2025-02-20,484.61,767.34
2025-02-21,372.13,718.73
2025-02-22,283.59,486.54
2025-02-23,364.48,623.97
2025-02-24,223.8,376.23
2025-02-25,328.28,551.94
2025-02-26,529.57,684.45
2025-02-27,626.3,883.85
2025-02-28,734.08,826.02
2025-03-01,393.04,443.05
2025-03-02,31.8,38.38
2025-03-03,81.41,116.49
2025-03-04,69.14,78.48
2025-03-05,37.51,55.52
2025-03-06,199.05,268.28
2025-03-07,282.28,371.0
2025-03-08,161.59,296.4
2025-03-09,395.09,452.44
2025-03-10,944.46,976.74
2025-03-11,1138.95,1174.17
2025-03-12,1351.75,1357.33
2025-03-13,1431.78,1366.98
2025-03-14,1187.83,1291.29
2025-03-15,244.26,386.49
2025-03-16,207.42,289.08
2025-03-17,824.24,895.4
2025-03-18,417.44,703.64
2025-03-19,532.82,898.84
2025-03-20,920.83,1025.61
2025-03-21,741.22,770.28
2025-03-22,62.28,91.19
2025-03-23,102.96,130.29
2025-03-24,780.14,1071.88
2025-03-25,623.17,775.44
2025-03-26,923.77,1116.22
2025-03-27,270.76,417.24
2025-03-28,184.81,281.21
2025-03-29,157.57,280.83
2025-03-30,167.05,193.94
2025-03-31,870.91,1111.73
2025-04-01,456.44,912.34
2025-04-02,297.03,630.69
2025-04-03,267.63,603.14
2025-04-04,252.42,576.34
2025-04-05,226.26,278.36
2025-04-06,363.74,480.75
2025-04-07,864.08,962.42
2025-04-08,547.82,737.96
2025-04-09,248.87,466.6
2025-04-10,440.61,504.36
2025-04-11,281.26,318.85
2025-04-12,192.53,348.55
2025-04-13,148.49,271.35
2025-04-14,307.21,539.54
2025-04-15,285.56,421.13
2025-04-16,285.02,529.43
2025-04-17,372.13,562.67
2025-04-18,299.37,526.95
2025-04-19,235.82,406.08
2025-04-20,223.53,309.03
2025-04-21,317.0,525.39
2025-04-22,1078.93,1102.84
2025-04-23,597.86,1104.9
2025-04-24,738.34,974.37
2025-04-25,437.5,806.1
2025-04-26,294.56,453.11
2025-04-27,223.16,426.08
2025-04-28,252.74,459.5
2025-04-29,360.16,590.04
2025-04-30,386.1,674.73
2025-05-01,275.02,503.45
2025-05-02,221.39,420.86
2025-05-03,230.09,461.95
2025-05-04,163.11,311.29
2025-05-05,481.52,676.48
2025-05-06,602.03,819.08
2025-05-07,934.76,1057.39
2025-05-08,1123.75,1133.17
2025-05-09,952.53,1000.07
2025-05-10,736.91,728.52
2025-05-11,638.9,635.17
2025-05-12,918.94,927.05
2025-05-13,774.5,870.38
2025-05-14,560.54,668.19
2025-05-15,510.57,547.14
2025-05-16,258.57,339.47
2025-05-17,214.36,348.52
2025-05-18,158.7,260.82
2025-05-19,380.02,634.92
2025-05-20,322.43,566.48
2025-05-21,293.28,461.79
2025-05-22,196.64,334.45
2025-05-23,422.62,781.26
2025-05-24,288.98,583.15
2025-05-25,102.89,180.31
2025-05-26,253.73,668.12
2025-05-27,260.55,505.4
2025-05-28,377.29,892.54
2025-05-29,258.05,586.73
2025-05-30,170.34,250.82
2025-05-31,229.52,448.64
2025-06-01,178.4,353.9
2025-06-02,298.09,560.41
2025-06-03,301.71,567.66
2025-06-04,260.97,504.32
2025-06-05,348.0,697.22
2025-06-06,226.08,415.71
2025-06-07,135.84,278.6
2025-06-08,189.78,356.44
2025-06-09,166.75,260.95
2025-06-10,563.39,662.65
2025-06-11,470.27,768.59
2025-06-12,332.19,640.6
2025-06-13,282.4,559.51
2025-06-14,130.24,325.13
2025-06-15,289.63,576.96
2025-06-16,323.68,612.01
2025-06-17,255.05,463.02
2025-06-18,283.82,550.03
2025-06-19,195.52,394.32
2025-06-20,228.78,419.67
2025-06-21,99.96,205.81
2025-06-22,103.2,186.38
2025-06-23,85.01,143.79
2025-06-24,39.16,47.22
2025-06-25,149.28,272.72
2025-06-26,437.37,658.96
2025-06-27,242.36,339.67
2025-06-28,28.44,29.23
2025-06-29,-30.03,-30.39
2025-06-30,220.08,389.18
2025-07-01,436.34,576.45
2025-07-02,532.37,606.54
2025-07-03,140.36,197.76
2025-07-04,171.27,278.78
2025-07-05,96.72,131.26
2025-07-06,174.59,257.02
2025-07-07,707.3,832.42
2025-07-08,490.5,601.11
2025-07-09,850.45,921.16
2025-07-10,702.04,739.41
2025-07-11,106.53,124.42
2025-07-12,75.02,83.36
2025-07-13,213.07,246.37
2025-07-14,348.52,433.99
2025-07-15,501.99,607.19
2025-07-16,391.71,621.05
2025-07-17,242.12,339.58
2025-07-18,387.21,586.23
2025-07-19,278.99,337.08
2025-07-20,303.41,423.9
2025-07-21,397.22,438.68
2025-07-22,258.34,257.38
2025-07-23,387.92,515.52
2025-07-24,636.15,864.3
2025-07-25,368.77,514.83
2025-07-26,374.72,461.42
2025-07-27,454.36,597.58
2025-07-28,511.15,658.68
2025-07-29,137.27,145.34
2025-07-30,375.82,430.66
2025-07-31,421.79,544.08
2025-08-01,503.15,888.7
2025-08-02,384.48,704.59
2025-08-03,245.58,433.71
2025-08-04,282.76,605.5
2025-08-05,4.46,4.3
2025-08-06,17.58,29.44
2025-08-07,166.15,282.86
2025-08-08,268.8,464.37
2025-08-09,150.13,228.06
2025-08-10,111.82,193.55
2025-08-11,384.43,782.8
2025-08-12,460.44,941.36
2025-08-13,543.29,1119.57
2025-08-14,455.95,1146.38
2025-08-15,280.11,780.95
2025-08-16,286.74,489.85
2025-08-17,325.12,564.67
2025-08-18,623.26,1017.48
2025-08-19,491.44,870.6
2025-08-20,727.95,952.32
2025-08-21,894.21,1031.37
2025-08-22,777.93,807.86
2025-08-23,379.24,660.64
2025-08-24,377.71,624.65
2025-08-25,600.36,916.19
2025-08-26,1046.56,1144.04
2025-08-27,1083.73,1199.67
2025-08-28,1258.04,1285.73
2025-08-29,932.83,1075.49
2025-08-30,565.1,798.52
2025-08-31,424.74,655.63
2025-09-01,608.92,1101.47
2025-09-02,821.01,1333.33
2025-09-03,375.71,759.23
2025-09-04,393.99,825.78
2025-09-05,563.94,1066.77
2025-09-06,423.1,732.92
2025-09-07,334.47,516.34
2025-09-08,1136.0,1313.27
2025-09-09,1257.46,1499.63
2025-09-10,840.27,1047.34
2025-09-11,309.99,513.51
2025-09-12,259.26,459.92
2025-09-13,273.19,434.97
2025-09-14,492.88,620.91
2025-09-15,139.78,149.8
2025-09-16,205.19,220.36
2025-09-17,620.09,667.1
2025-09-18,511.37,546.36
2025-09-19,326.73,358.92
2025-09-20,123.25,152.94
2025-09-21,47.77,58.34
2025-09-22,253.12,352.95
2025-09-23,463.31,679.19
2025-09-24,693.32,873.89
2025-09-25,775.11,891.85
2025-09-26,851.82,939.54
2025-09-27,491.79,581.04
2025-09-28,365.57,439.47
2025-09-29,764.66,907.39
2025-09-30,974.99,1135.54
2025-10-01,1033.98,1180.78
2025-10-02,1129.65,1119.28
2025-10-03,571.2,649.37
2025-10-04,7.98,5.83
2025-10-05,44.17,47.93
2025-10-06,878.53,955.82
2025-10-07,1054.09,1191.79
2025-10-08,704.61,813.05
2025-10-09,659.32,745.79
2025-10-10,266.91,320.68
2025-10-11,167.77,266.05
2025-10-12,113.57,199.33
2025-10-13,1061.41,1261.77
2025-10-14,1885.23,1861.41
2025-10-15,1204.41,1394.24
2025-10-16,775.66,1035.31
2025-10-17,976.49,939.38
2025-10-18,590.48,764.1
2025-10-19,384.3,698.5
2025-10-20,638.17,643.37
2025-10-21,239.29,297.97
2025-10-22,348.73,542.58
2025-10-23,590.22,707.69
2025-10-24,414.17,405.19
2025-10-25,85.48,121.81
2025-10-26,102.5,117.46
2025-10-27,659.09,766.72
2025-10-28,768.51,801.9
2025-10-29,914.75,943.07
2025-10-30,494.81,522.46
2025-10-31,727.35,792.34
2025-11-01,242.18,285.9
2025-11-02,336.95,537.04
2025-11-03,498.06,668.43
2025-11-04,70.9,98.14
2025-11-05,211.08,289.89
2025-11-06,382.3,473.65
2025-11-07,688.6,746.62
2025-11-08,622.79,689.91
2025-11-09,525.24,663.62
2025-11-10,1032.32,1078.26
2025-11-11,783.74,838.31
2025-11-12,241.39,318.06
2025-11-13,224.23,298.85
2025-11-14,724.85,836.83
2025-11-15,362.84,494.8
2025-11-16,623.5,745.72
2025-11-17,916.58,942.74
2025-11-18,1179.1,1186.57
2025-11-19,1322.02,1321.93
2025-11-20,1373.99,1373.99
2025-11-21,1586.54,1590.63
2025-11-22,493.35,599.78
2025-11-23,609.82,619.15
2025-11-24,1421.3,1537.87
2025-11-25,2132.49,2457.92
2025-11-26,1079.1,1779.17
2025-11-27,453.73,751.95
2025-11-28,249.16,387.03
2025-11-29,139.58,182.57
2025-11-30,365.74,413.24
2025-12-01,608.42,617.55
2025-12-02,524.16,724.45
2025-12-03,730.34,1145.13
2025-12-04,1161.16,1217.54
2025-12-05,1308.45,1315.75
